"","STATIONID","STATION"
"1","US1ALTG0006","BON AIR 2.8 SSE"
"2","US1CODN0006","DENVER WSFO AP"
"3","US1COEP0023","COLORADO SPRINGS AIRPORT (MSWS"
"4","US1COLA0037","TRINIDAD AIRPORT"
"5","US1COLN0031","LIMON AIRPORT"
"6","US1COOT0019","LA JUNTA AIRPORT MSWS"
"7","US1COPU0037","PUEBLO AIRPORT"
"8","US1COPW0011","LAMAR AIRPORT MSWS"
"9","US1MABE0038","PITTSFIELD AIRPORT"
"10","US1MDAL0002","CRESAPTOWN-BEL AIR 0.9 SSE"
"11","US1MDHR0001","BEL AIR NORTH 0.8 NW"
"12","US1MDHR0011","BEL AIR 1.7 W"
"13","US1MDHR0018","BEL AIR 2.9 NE"
"14","US1MDHR0032","BEL AIR 1.9 NNE"
"15","US1MDHR0035","BEL AIR 2.5 NNE"
"16","US1MNKC0001","INTERNATIONAL FALLS 1.0 NW"
"17","US1MNKC0003","INTERNATIONAL FALLS 10.2 E"
"18","US1MNKC0004","INTERNATIONAL FALLS 7.7 S"
"19","US1MNKC0007","INTERNATIONAL FALLS 10.3 E"
"20","US1MNKC0008","INTERNATIONAL FALLS 1.1 NW"
"21","US1MNKC0009","INTERNATIONAL FALLS 0.6 NW"
"22","US1MNKC0010","INTERNATIONAL FALLS 5.1 SSW"
"23","US1MNKC0011","INTERNATIONAL FALLS 0.7 E"
"24","US1MNKC0014","INTERNATIONAL FALLS 10.3 WSW"
"25","US1MNKC0018","INTERNATIONAL FALLS 1.1 NNW"
"26","US1MNKC0019","INTERNATIONAL FALLS 9.5 E"
"27","US1MNKC0020","INTERNATIONAL FALLS 8.8 E"
"28","US1MNKC0021","INTERNATIONAL FALLS 7.3 E"
"29","US1MSAC0004","CORINTH 5.1 WSW (AIRPORT)"
"30","US1TXLK0022","LUBBOCK INTERNATIONAL"
"31","US1TXSM0022","ARP 5.9 NNW"
"32","US1VACS0048","BON AIR 4.0 S"
"33","US1VACS0054","BON AIR 2.4 WNW"
"34","US1WYAB0007","LARAMIE AIRPORT"
"35","US1WYCR0003","RAWLINS AIRPORT"
"36","US1WYGS0005","TORRINGTON AIRPORT"
"37","US1WYLM0011","CHEYENNE AIRPORT"
"38","USC00010830","BIRMINGHAM AP AA"
"39","USC00026180","PAGE AP"
"40","USC00026482","PHOENIX AP ASOS BACKUP"
"41","USC00027477","SAN CARLOS AP"
"42","USC00027718","SELIGMAN AP"
"43","USC00027855","SHOW LOW AP"
"44","USC00029007","VALLE AP"
"45","USC00040619","BEL AIR FC 10A"
"46","USC00041960","CONCORD AP"
"47","USC00044558","KING CITY AP"
"48","USC00045112","LOS ANGELES TERMINAL A"
"49","USC00046826","PETALUMA AP"
"50","USC00048832","TEHACHAPI AP"
"51","USC00049040","TRUCKEE-TAHOE AP"
"52","USC00051777","COLORADO SPRINGS AP SNOW"
"53","USC00052212","DENVER INTL AP 2SW"
"54","USC00053246","GATEWAY 1ENE"
"55","USC00080211","APALACHICOLA AP"
"56","USC00081649","CLEWISTON AP"
"57","USC00084095","HOMESTEAD GEN AVIATION AP"
"58","USC00088756","TALLAHASSEE AP"
"59","USC00090586","BAINBRIDGE INTL PAPER"
"60","USC00108076","SALMON AP"
"61","USC00108535","SODA SPRINGS AP"
"62","USC00111577","CHICAGO MIDWAY AP 3SW"
"63","USC00112470","DUPAGE AP"
"64","USC00116703","PEORIA AIRPORT 2NE"
"65","USC00121719","COLLEGEVILLE ST JOE AP"
"66","USC00124168","HUNTINGBURG AP"
"67","USC00125607","MICHIGAN CY PHILIPS AP"
"68","USC00127357","RICHMOND AIRPORT"
"69","USC00129678","WINCHESTER AIRPORT 3 E"
"70","USC00132359","DUBUQUE AP"
"71","USC00147546","SMOKY HILL AIR NATL GRD RANGE"
"72","USC00166657","NEW IBERIA AP - ACADIANA RGNL"
"73","USC00166661","NEW ORLEANS AP"
"74","USC00167001","OPELOUSAS AP"
"75","USC00173353","GREENVILLE MUNI AP"
"76","USC00189502","WHEATON RGNL PARK"
"77","USC00197124","SALEM CG AIR STN"
"78","USC00200710","BENTON HARBOR AP"
"79","USC00204959","LUDINGTON AP"
"80","USC00206442","PELLSTON AP #2"
"81","USC00208252","TRAVERSE CITY AP #2"
"82","USC00217011","ROCHESTER AP 2NE"
"83","USC00230887","BRANSON AP"
"84","USC00235207","MALDEN MUNI AP"
"85","USC00242511","DRUMMOND FAA AP"
"86","USC00243366","GALLATIN GATEWAY 10SSW"
"87","USC00243368","GALLATIN GATEWAY 26 S"
"88","USC00243369","GALLATIN GATEWAY 32 S"
"89","USC00243372","GALLATIN GATEWAY 26 SS"
"90","USC00244558","KALISPELL GLACIER AP"
"91","USC00247501","SHELBY AP"
"92","USC00248858","W YELLOWSTONE GATEWAY"
"93","USC00251245","BRUNING STATE AP"
"94","USC00263515","HAWTHORNE AP"
"95","USC00272846","ERROL AP"
"96","USC00273488","GORHAM AP"
"97","USC00288884","TETERBORO AP"
"98","USC00293682","GRANTS AP"
"99","USC00298127","SANTA TERESA AP"
"100","USC00303508","GRIFFISS INTERNATIONAL AIRPORT"
"101","USC00307338","RYE LAKE AIRPORT"
"102","USC00317081","RALEIGH MUNI AP"
"103","USC00329426","WILLISTON AP"
"104","USC00357050","REDMOND AIR CTR"
"105","USC00366880","PHILA AP SNOW"
"106","USC00369982","ZERBEY AP"
"107","USC00383470","GEORGETOWN CO AP"
"108","USC00383742","GREENVILLE DWTN AP"
"109","USC00397666","SIOUX FALLS WFO AP"
"110","USC00408242","SHELBYVILLE MUNI AP"
"111","USC00409493","WAVERLY AP"
"112","USC00410058","ADDISON AIRPORT"
"113","USC00415589","MARFA CAA AP"
"114","USC00415590","MARFA AP"
"115","USC00415766","MCKINNEY MUNI AP"
"116","USC00419129","TRI CITY AP"
"117","USC00419367","VICTORIA RGNL AP"
"118","USC00422252","DUCHESNE AP"
"119","USC00424225","INTERNATIONAL"
"120","USC00427061","PROVO AP"
"121","USC00428631","TERMINAL"
"122","USC00434122","ISLAND POND AP"
"123","USC00435376","MORRISVILLE-STOWE STATE AP"
"124","USC00440880","BON AIR"
"125","USC00451650","COLVILLE AP"
"126","USC00452066","DEER PARK AP"
"127","USC00472412","EAST TROY AP"
"128","USC00484799","IML - AIR SCI"
"129","USC00502457","DILLINGHAM FAA AP"
"130","USC00502965","FAIRBANKS AP #2"
"131","USC00503500","HAINES TERMINAL"
"132","USC00506093","MT MCKINLEY NP AP"
"133","USC00506403","NIKISKI TERMINAL"
"134","USC00508107","ST MARYS AP"
"135","USC00508550","SLANA AP"
"136","USC00509685","VALDEZ AIRPORT"
"137","USC00509919","WRANGELL AP"
"138","USC00511125","HANA AP 355"
"139","USC00512307","KAANAPALI AP 453.1"
"140","USC00512317","KAANAPALI AP 453.1"
"141","USC00513078","KAMUELA AP 191"
"142","USC00513317","KAPALUA-W MAUI AP 462.4"
"143","USC00514764","KONA AP 68.3"
"144","USC00515275","LANAI AP 656"
"145","USC00518108","PORT ALLEN AP 926.10"
"146","USC00518161","PRINCEVILLE AP 1117.9"
"147","USC00518816","UPOLU AP 160.3"
"148","USC00518828","UPOLU POINT AP 16"
"149","USC00518953","WAHIAWA MAUKA INTL 882"
"150","USP00CA0003","SACRAMENTO AP ASOS"
"151","USR0000CREA","REDDING AIRPORT CALIFORNIA"
"152","USR0000CWEE","WEED AIRPORT CALIFORNIA"
"153","USR0000KJAC","JACKSON CO. AP KENTUCKY"
"154","USR0000MTHO","THOMPSON FALLS AP MONTANA"
"155","USR0000OILL","ILLINOIS VALLEY AIRPORT OREGON"
"156","USW00000102","BOB BARKER MEMORIAL AP"
"157","USW00000103","WALES AP"
"158","USW00000111","SHAKTOOLIK AP"
"159","USW00000113","ROBERT CURTIS MEMORIAL AP"
"160","USW00000130","PLEASANTON MUNI AP"
"161","USW00000132","WAUTOMA MUNI AP"
"162","USW00000133","CLINTON MUNI AP"
"163","USW00000153","CHESTERFIELD CO AP"
"164","USW00000154","HAMPTON ROADS EXECUTIVE AP"
"165","USW00000157","WALDEN JACKSON COUNTY AP"
"166","USW00000160","BOULDER MUNI AP"
"167","USW00000166","LAGO VISTA RUSTY ALLEN AP"
"168","USW00000176","STEPHENS COUNTY AP"
"169","USW00000177","CASTROVILLE MUNI AIRPORT"
"170","USW00000209","BOWIE MUNI AP"
"171","USW00000225","HORSESHOE BAY RESORT AP"
"172","USW00000229","LAMPASAS AP"
"173","USW00000230","AUSTIN EXECUTIVE AP"
"174","USW00000263","BOERNE STAGE FIELD AP"
"175","USW00000270","FAITH RCH AP"
"176","USW00000349","ANDREWS COUNTY AP"
"177","USW00000351","CAMERON MUNI AP"
"178","USW00000357","HAMILTON MUNI AP"
"179","USW00000362","GATESVILLE MUNI AP"
"180","USW00000373","HARRELL FIELD AP"
"181","USW00000393","TELLER AP"
"182","USW00000428","DEXTER B FLORENCE MEM FLD AP"
"183","USW00000448","RALPH M HALL ROCKWALL MUNI AP"
"184","USW00000461","MEXIA LIMESTONE COUNTY AP"
"185","USW00000471","PRESIDIO LELY INTL AP"
"186","USW00000477","ROGER M DREYER MEM AP"
"187","USW00000490","SHUNGNAK AP"
"188","USW00003012","TAOS MUNI AP"
"189","USW00003013","LAMAR MUNI AP"
"190","USW00003016","RIFLE GARFIELD CO AP"
"191","USW00003017","DENVER INTL AP"
"192","USW00003024","BORGER HUTCHINSON CO AP"
"193","USW00003026","BURLINGTON CARSON AP"
"194","USW00003029","WINDOW ROCK AP"
"195","USW00003030","GUYMON MUNI AP"
"196","USW00003032","DRYDEN TERRELL CO AP"
"197","USW00003035","ARTESIA MUNI AP"
"198","USW00003044","BIG SPRING WRINKLE AP"
"199","USW00003049","ALPINE CASPARIS AP"
"200","USW00003050","SNYDER WINSTON FLD AP"
"201","USW00003056","GAINES CO AP"
"202","USW00003058","PECOS MUNI AP"
"203","USW00003102","ONTARIO INTL AP"
"204","USW00003103","FLAGSTAFF AP"
"205","USW00003104","DESERT RESORTS RGNL AP"
"206","USW00003122","TORRANCE AP"
"207","USW00003144","IMPERIAL CO AP"
"208","USW00003160","DESERT ROCK AP"
"209","USW00003162","PAGE MUNI AP"
"210","USW00003166","FULLERTON MUNI AP"
"211","USW00003167","HAWTHORNE MUNI AP"
"212","USW00003170","EUREKA AP"
"213","USW00003171","RIVERSIDE MUNI AP"
"214","USW00003177","CARLSBAD MCCLELLAN PALOMAR AP"
"215","USW00003179","CHINO AP"
"216","USW00003184","PHOENIX DEER VALLEY MUNI AP"
"217","USW00003192","SCOTTSDALE MUNI AP"
"218","USW00003195","GRAND CANYON NP AP"
"219","USW00003196","NOGALES INTL AP"
"220","USW00003802","CLARKSBURG BENEDUM AP"
"221","USW00003804","PARKERSBURG AP"
"222","USW00003809","DYERSBURG MUNI AP"
"223","USW00003810","HICKORY FAA AP"
"224","USW00003811","JACKSON MCKELLAR- SIPES AP"
"225","USW00003812","ASHEVILLE AP"
"226","USW00003813","MACON MIDDLE GA RGNL AP"
"227","USW00003814","CORBIN CAA AP"
"228","USW00003817","MALDEN FAA AP"
"229","USW00003818","MARIANNA MUNI AP"
"230","USW00003820","AUGUSTA BUSH FLD AP"
"231","USW00003822","SAVANNAH INTL AP"
"232","USW00003838","VANDALIA FAA AP"
"233","USW00003847","CROSSVILLE MEM AP"
"234","USW00003849","LONDON CORBIN AP"
"235","USW00003856","HUNTSVILLE INTNL AP"
"236","USW00003859","BLUEFIELD MERCER CO AP"
"237","USW00003860","HUNTINGTON TRI-STATE AP"
"238","USW00003868","TERRE HAUTE HULMAN RGNL AP"
"239","USW00003872","BECKLEY RALEIGH CO AP"
"240","USW00003878","TROY MUNI AP"
"241","USW00003882","PANAMA CITY BAY CO AP"
"242","USW00003887","DECATUR AP"
"243","USW00003888","ATLANTA FULTON CO AP"
"244","USW00003892","AUBURN OPELIKA AP"
"245","USW00003893","BLOOMINGTON MONROE CO AP"
"246","USW00003894","CLARKSVILLE OUTLAW AP"
"247","USW00003896","GADSDEN MUNI AP"
"248","USW00003901","LONGVIEW E TX RGNL AP"
"249","USW00003918","FLIPPIN MARION CO RGNL AP"
"250","USW00003919","SALINA MUNI AP"
"251","USW00003927","DAL-FTW WSCMO AP"
"252","USW00003929","KANSAS CITY R GEBAUR AP"
"253","USW00003932","CLINTON-SHERMAN AP"
"254","USW00003935","CAPE GIRARDEAU MUNI AP"
"255","USW00003938","WAYNESVILLE REGNL AP"
"256","USW00003940","JACKSON INTL AP"
"257","USW00003945","COLUMBIA RGNL AP"
"258","USW00003947","KANSAS CITY INTL AP"
"259","USW00003950","LAWTON MUNI AP"
"260","USW00003953","JONESBORO MUNI AP"
"261","USW00003954","OKLAHOMA CITY WILEY POST AP"
"262","USW00003959","BARTLESVILLE MUNI AP"
"263","USW00003960","CAHOKIA ST LOUIS DWTN AP"
"264","USW00003961","NATCHEZ ADAM CO AP"
"265","USW00003963","JEFFERSON CITY MEM AP"
"266","USW00003965","STILLWATER RGNL AP"
"267","USW00003966","ST LOUIS SPIRIT OF ST LOUIS AP"
"268","USW00003967","OLATHE JOHNSON CO EXECUTIVE AP"
"269","USW00003971","DALLAS REDBIRD AP"
"270","USW00003975","POPLAR BLUFF MUNI AP"
"271","USW00003978","BENTONVILLE MUNI AP"
"272","USW00003985","FORT WORTH SPINKS AP"
"273","USW00003991","DENTON MUNICPAL AP"
"274","USW00003994","SEDALIA MEM AP"
"275","USW00003996","TALLULAH VICKSBURG RGNL AP"
"276","USW00003998","PARSONS TRI CITY AP"
"277","USW00003999","BURNET MUNI AP"
"278","USW00004110","JEROME CO AP"
"279","USW00004113","HERMISTON MUNI AP"
"280","USW00004114","CHALLIS AP"
"281","USW00004201","SCAPPOOSE IND AP"
"282","USW00004205","ARLINGTON MUNI AP"
"283","USW00004724","NIAGARA FALLS INTL AP"
"284","USW00004726","JOHNSTOWN CAMBRIA CO AP"
"285","USW00004742","PLATTSBURGH INTL AP"
"286","USW00004751","BRADFORD RGNL AP"
"287","USW00004780","FITCHBURG MUNI AP"
"288","USW00004781","ISLIP-LI MACARTHUR AP"
"289","USW00004787","DUBOIS RGNL AP"
"290","USW00004789","MONTGOMERY ORANGE CO AP"
"291","USW00004803","RHINELANDER ONEIDA CO AP"
"292","USW00004804","COLUMBUS OHIO STATE UNIV AP"
"293","USW00004808","CHICAGO AURORA MUNI AP"
"294","USW00004824","STURGEON BAY AP"
"295","USW00004825","APPLETON OUTAGAMIE AP"
"296","USW00004827","WASHINGTON CO AP"
"297","USW00004836","FRENCHVILLE NTHRN AROOSTOOK AP"
"298","USW00004838","CHICAGO PALWAUKEE AP"
"299","USW00004839","HOLLAND TULIP CITY AP"
"300","USW00004840","FOND DU LAC CO AP"
"301","USW00004841","SHEBOYGAN CO MEM AP"
"302","USW00004842","WOOSTER WAYNE CO AP"
"303","USW00004843","MEADVILLE PORT MEADVILLE AP"
"304","USW00004845","KENOSHA RGNL AP"
"305","USW00004846","VALPARAISO PORTER CO MUNI AP"
"306","USW00004847","ADRIAN LENAWEE CO AP"
"307","USW00004849","ELYRIA LORAIN CO AP"
"308","USW00004850","LIMA ALLEN CO AP"
"309","USW00004851","DEFIANCE AP"
"310","USW00004853","CLEVELAND BURKE LAKEFRONT AP"
"311","USW00004854","GAYLORD OTSEGO CO AP"
"312","USW00004855","MARION MUNI AP"
"313","USW00004857","ASHTABULA CO AP"
"314","USW00004858","NEWARK HEATH AP"
"315","USW00004864","ANTIGO LANGLADE CO AP"
"316","USW00004869","CHIPPEWA INTL AP"
"317","USW00004891","MERRILL MUNI AP"
"318","USW00004895","STEVENS POINT MUNI AP"
"319","USW00004901","AURORA MUNI AP"
"320","USW00004902","AUSTIN MUNI AP"
"321","USW00004916","DECORAH MUNI AP"
"322","USW00004927","PRESTONE FILLMORE AP"
"323","USW00004935","HOLDREGE BREWSTER FLD AP"
"324","USW00004955","OELWEIN MUNI AP"
"325","USW00004956","WINONA MUNI AP"
"326","USW00004963","PRAIRIE DU CHIEN AP"
"327","USW00004967","RED WING RGNL AP"
"328","USW00004978","DODGE CTR AP"
"329","USW00004998","HEBRON MUNI AP"
"330","USW00012809","BARTOW MUNI AP"
"331","USW00012812","PUNTA GORDA CHARLOTTE CO AP"
"332","USW00012815","ORLANDO INTL AP"
"333","USW00012816","GAINESVILLE RGNL AP"
"334","USW00012818","BROOKSVILLE HERNANDO CO AP"
"335","USW00012819","LEESBURG MUNI AP"
"336","USW00012832","APALACHICOLA AP"
"337","USW00012833","CROSS CITY AP"
"338","USW00012834","DAYTONA BEACH INTL AP"
"339","USW00012835","FT MYERS PAGE FLD AP"
"340","USW00012836","KEY W INTL AP"
"341","USW00012838","MELBOURNE INTL AP"
"342","USW00012839","MIAMI INTL AP"
"343","USW00012841","ORLANDO EXECUTIVE AP"
"344","USW00012842","TAMPA INTL AP"
"345","USW00012843","VERO BEACH INTL AP"
"346","USW00012844","W PALM BEACH INTL AP"
"347","USW00012849","FT LAUDERDALE INTL AP"
"348","USW00012854","ORLANDO SANFORD AP"
"349","USW00012871","SARASOTA BRADENTON AP"
"350","USW00012873","ST PETERSBURG CLEARWATER INTL"
"351","USW00012876","WINTER HAVEN GILBERT AP"
"352","USW00012882","MIAMI OPA LOCKA AP"
"353","USW00012883","LAKELAND LINDER RGNL AP"
"354","USW00012885","FT LAUDERDALE EXECUTIVE AP"
"355","USW00012888","MIAMI KENDALL TAMIAMI EXEC AP"
"356","USW00012894","FT MYERS SW FLORIDA RGNL AP"
"357","USW00012895","FT PIERCE ST LUCIE CO INTL AP"
"358","USW00012896","MARATHON AP"
"359","USW00012897","NAPLES MUNI AP"
"360","USW00012904","HARLINGEN RIO GRANDE VLY INTL"
"361","USW00012907","LAREDO INTL AP"
"362","USW00012912","VICTORIA RGNL AP"
"363","USW00012916","NEW ORLEANS AP"
"364","USW00012917","PORT ARTHUR SE TX RGNL AP"
"365","USW00012918","HOUSTON WILLIAM P HOBBY AP"
"366","USW00012920","LAREDO WB AP"
"367","USW00012921","SAN ANTONIO INTL AP"
"368","USW00012922","VICTORIA WB AP"
"369","USW00012927","HOUMA TERREBONNE AP"
"370","USW00012932","ALICE INTL AP"
"371","USW00012935","PALACIOS MUNI AP"
"372","USW00012947","COTULLA LA SALLE CO AP"
"373","USW00012953","WHARTON RGNL AP"
"374","USW00012957","PORT ISABEL CAMERON CO AP"
"375","USW00012959","MCALLEN MILLER INTL AP"
"376","USW00012960","HOUSTON INTERCONTINENTAL AP"
"377","USW00012961","KERRVILLE MUNI AP"
"378","USW00012962","HONDO MUNI AP"
"379","USW00012970","SAN ANTONIO STINSON MUNI AP"
"380","USW00012972","ROCKPORT ARANSAS CO AP"
"381","USW00012978","FAYETTE RGNL AP"
"382","USW00012979","SAN MARCOS MUNI AP"
"383","USW00012981","BAY CITY MUNI AP"
"384","USW00012985","GARNER FLD AP"
"385","USW00013722","RALEIGH AP"
"386","USW00013723","GREENSBORO AP"
"387","USW00013726","BLACKSTONE FAA AP"
"388","USW00013728","DANVILLE RGNL AP"
"389","USW00013729","ELKINS- RANDOLPH CO AP"
"390","USW00013732","GORDONSVILLE FAA AP"
"391","USW00013733","LYNCHBURG RGNL AP"
"392","USW00013734","MARTINSBURG E W VIRGINIA RGNL"
"393","USW00013735","MILLVILLE MUNI AP"
"394","USW00013736","MORGANTOWN MUNI AP"
"395","USW00013737","NORFOLK INTL AP"
"396","USW00013739","PHILA INTL AP"
"397","USW00013740","RICHMOND INTL AP"
"398","USW00013741","ROANOKE-BLACKSBURG RGNL AP"
"399","USW00013743","WASHINGTON REAGAN NATL AP"
"400","USW00013744","FLORENCE RGNL AP"
"401","USW00013746","ROCKY MT FAA AP"
"402","USW00013747","WARRENTON WB AP"
"403","USW00013748","WILMINGTON INTL AP"
"404","USW00013764","GEORGETOWN-DELAWARE COASTAL AP"
"405","USW00013766","MANTEO AP"
"406","USW00013776","LUMBERTON RGNL AP"
"407","USW00013781","WILMINGTON NEW CASTLE CO AP"
"408","USW00013803","COLUMBUS BAKALAR AP"
"409","USW00013809","LAWRENCEVILLE VINCENNES INTL A"
"410","USW00013827","SMYRNA AP"
"411","USW00013833","HATTIESBURG CHAIN MUNI AP"
"412","USW00013837","AUGUSTA DANIEL FLD AP"
"413","USW00013838","MOBILE DWTN AP"
"414","USW00013839","DOTHAN RGNL AP"
"415","USW00013866","CHARLESTON - YEAGER AP"
"416","USW00013868","PULASKI FAA AP"
"417","USW00013869","ALBANY SW GEORGIA RGNL AP"
"418","USW00013870","ALMA BACON CO AP"
"419","USW00013871","ANNISTON METRO AP"
"420","USW00013873","ATHENS BEN EPPS AP"
"421","USW00013876","BIRMINGHAM AP"
"422","USW00013877","BRISTOL AP"
"423","USW00013878","BRUNSWICK-MCKINNON AP"
"424","USW00013880","CHARLESTON INTL AP"
"425","USW00013881","CHARLOTTE DOUGLAS AP"
"426","USW00013882","CHATTANOOGA AP"
"427","USW00013884","CRESTVIEW FAA/AP"
"428","USW00013885","EVERGREEN FAA AP"
"429","USW00013886","GREENVILLE DWTN AP"
"430","USW00013891","KNOXVILLE AP"
"431","USW00013893","MEMPHIS INTL AP"
"432","USW00013895","MONTGOMERY AP"
"433","USW00013896","MUSCLE SHOALS AP"
"434","USW00013897","NASHVILLE INTL AP"
"435","USW00013899","PENSACOLA RGNL AP"
"436","USW00013904","AUSTIN BERGSTROM INTL AP"
"437","USW00013905","BRYAN CAA AP"
"438","USW00013922","SALINA FAA AP"
"439","USW00013925","STUTTGART MUNI AP"
"440","USW00013926","GREENVILLE MUNI AP MAJORS FLD"
"441","USW00013932","WINFIELD STROTHER FLD AP"
"442","USW00013940","GREAT BEND MUNI AP"
"443","USW00013942","MONROE RGNL AP"
"444","USW00013959","WACO RGNL AP"
"445","USW00013960","DALLAS FAA AP"
"446","USW00013962","ABILENE RGNL AP"
"447","USW00013963","LITTLE ROCK AP ADAMS FLD"
"448","USW00013964","FT SMITH RGNL AP"
"449","USW00013965","ARDMORE FAA AP"
"450","USW00013966","WICHITA FALLS MUNI AP"
"451","USW00013968","TULSA INTL AP"
"452","USW00013969","PONCA CITY MUNI AP"
"453","USW00013970","BATON ROUGE METRO AP"
"454","USW00013971","HARRISON BOONE CO AP"
"455","USW00013973","JUNCTION KIMBLE CO AP"
"456","USW00013975","GAGE AP"
"457","USW00013976","LAFAYETTE RGNL AP"
"458","USW00013978","GREENWOOD LEFLORE AP"
"459","USW00013979","VICKSBURG CAA AP"
"460","USW00013981","CHANUTE MARTIN JOHNSON AP"
"461","USW00013983","COLUMBIA WSO AP"
"462","USW00013986","HUTCHINSON MUNI AP"
"463","USW00013987","JOPLIN RGNL AP"
"464","USW00013988","KANSAS CITY DWTN AP"
"465","USW00013990","LEBO CAA AP"
"466","USW00013993","ST JOSEPH ROSECRANS MEM AP"
"467","USW00013994","ST LOUIS LAMBERT INTL AP"
"468","USW00013997","VICHY ROLLA NATL AP"
"469","USW00014604","PRESQUE ISLE AP"
"470","USW00014605","AUGUSTA STATE AP"
"471","USW00014606","BANGOR INTL AP"
"472","USW00014609","HOULTON AP"
"473","USW00014610","MILLINOCKET MUNI AP"
"474","USW00014615","WATERVILLE LEFLEUR AP"
"475","USW00014622","OLD TOWN FAA AP"
"476","USW00014707","GROTON NEW LONDON AP"
"477","USW00014710","MANCHESTER AP"
"478","USW00014711","MIDDLETOWN HARRISBURG INTL AP"
"479","USW00014712","READING RGNL AP"
"480","USW00014719","WESTHAMPTON GABRESKI AP"
"481","USW00014732","LAGUARDIA AP"
"482","USW00014734","NEWARK LIBERTY INTL AP"
"483","USW00014735","ALBANY INTL AP"
"484","USW00014736","ALTOONA BLAIR CO AP"
"485","USW00014737","ALLENTOWN LEHIGH VLY INTL AP"
"486","USW00014738","BINGHAMTON WB AP"
"487","USW00014740","HARTFORD-BRADLEY INTL AP"
"488","USW00014741","BROOKVILLE FAA AP"
"489","USW00014742","BURLINGTON INTL AP"
"490","USW00014746","CURWENSVILLE WB AP"
"491","USW00014747","DUNKIRK CHAUTAUQUA CO AP"
"492","USW00014748","ELMIRA CORNING RGNL AP"
"493","USW00014749","FT PLAIN WB AP"
"494","USW00014750","GLENS FALLS AP"
"495","USW00014751","HARRISBURG CAPITAL CITY AP"
"496","USW00014754","TOBYHANNA POCONO MTN AP"
"497","USW00014756","NANTUCKET MEM AP"
"498","USW00014757","POUGHKEEPSIE AP"
"499","USW00014758","NEW HAVEN TWEED AP"
"500","USW00014762","PITTSBURGH ALLEGHENY CO AP"
"501","USW00014763","PITTSFIELD MUNI AP"
"502","USW00014768","ROCHESTER GTR INTL"
"503","USW00014770","SELINSGROVE PENN VALLEY AP"
"504","USW00014771","SYRACUSE HANCOCK INTL AP"
"505","USW00014774","UTICA AP"
"506","USW00014775","WESTFIELD BARNES MUNI AP"
"507","USW00014776","LEBANON CAA AP"
"508","USW00014777","WILKES-BARRE/SCRANTON INTL AP"
"509","USW00014778","WILLIAMSPORT RGNL AP"
"510","USW00014780","LAKEHURST AP"
"511","USW00014787","NEWPORT STATE AP"
"512","USW00014792","TRENTON-MERCER AP"
"513","USW00014794","WESTERLY STATE AP"
"514","USW00014808","OSCODA WURTSMITH AP"
"515","USW00014812","MERCER WB AP"
"516","USW00014813","AKRON FULTON INTL AP"
"517","USW00014815","BATTLE CREEK KELLOGG AP"
"518","USW00014816","BRADFORD FAA AP"
"519","USW00014819","CHICAGO MIDWAY AP"
"520","USW00014821","JOHN GLENN INTL AP"
"521","USW00014822","DETROIT CITY AP"
"522","USW00014823","EAST LIVERPOOL WB AP"
"523","USW00014825","FINDLAY AP"
"524","USW00014827","FT WAYNE INTL AP"
"525","USW00014829","GOSHEN MUNI AP"
"526","USW00014830","GRAND RAPIDS WB AP"
"527","USW00014835","LAFAYETTE PURDUE UNIV AP"
"528","USW00014836","LANSING CAPITAL CITY AP"
"529","USW00014837","MADISON DANE CO RGNL AP"
"530","USW00014839","MILWAUKEE MITCHELL AP"
"531","USW00014840","MUSKEGON CO AP"
"532","USW00014841","PELLSTON RGNL AP"
"533","USW00014842","GENERAL WAYNE A DOWNING INTL A"
"534","USW00014843","PERRY CAA AP"
"535","USW00014844","ROCKFORD CAA AP"
"536","USW00014845","SAGINAW MBS INTL AP"
"537","USW00014848","S BEND AP"
"538","USW00014849","TOLEDO WB AP"
"539","USW00014850","TRAVERSE CY CHERRY CAPITAL AP"
"540","USW00014852","YOUNGSTOWN-WARREN RGNL AP"
"541","USW00014853","DETROIT WILLOW RUN AP"
"542","USW00014858","HANCOCK HOUGHTON CO AP"
"543","USW00014860","ERIE INTL AP"
"544","USW00014880","CHICAGO WAUKEGAN RGNL AP"
"545","USW00014891","MANSFIELD LAHM RGNL AP"
"546","USW00014894","WHEELING OHIO CO AP"
"547","USW00014895","AKRON CANTON AP"
"548","USW00014905","KEARNEY MUNI AP"
"549","USW00014914","FARGO HECTOR INTL AP"
"550","USW00014916","GRAND FORKS INTL AP"
"551","USW00014918","INTL FALLS INTL AP"
"552","USW00014919","JAMESTOWN MUNI AP"
"553","USW00014920","LA CROSSE MUNI AP"
"554","USW00014921","LONE ROCK TRI CO AP"
"555","USW00014922","MINNEAPOLIS-ST PAUL INTL AP"
"556","USW00014923","MOLINE QUAD CITY INTL AP"
"557","USW00014925","ROCHESTER INTL AP"
"558","USW00014926","ST CLOUD RGNL AP"
"559","USW00014927","ST PAUL DWTN AP"
"560","USW00014928","WILLMAR AP"
"561","USW00014930","ATLANTIC CAA AP"
"562","USW00014931","BURLINGTON MUNI AP"
"563","USW00014933","DES MOINES INTL AP"
"564","USW00014935","GRAND IS CNTRL NE RGNL AP"
"565","USW00014936","HURON RGNL AP"
"566","USW00014937","IOWA CITY MUNI AP"
"567","USW00014938","KIRKSVILLE RGNL AP"
"568","USW00014939","LINCOLN AP"
"569","USW00014940","MASON CITY MUNI AP"
"570","USW00014941","NORFOLK KARL STEFAN MEM AP"
"571","USW00014943","SIOUX CITY AP"
"572","USW00014946","WATERTOWN RGNL AP"
"573","USW00014950","OTTUMWA IND AP"
"574","USW00014954","MANKATO MUNI AP"
"575","USW00014966","NE IOWA RGNL AP"
"576","USW00014972","SPENCER MUNI AP"
"577","USW00014990","CEDAR RAPIDS MUNI AP"
"578","USW00014991","CHIPPEWA VALLEY RGNL AP"
"579","USW00014992","REDWOOD FALLS MUNI AP"
"580","USW00021504","HILO INTL AP 87"
"581","USW00021510","KAILUA KONA KE-AHOLE AP"
"582","USW00022010","DEL RIO INTL AP"
"583","USW00022516","KAHULUI AP"
"584","USW00022521","HONOLULU INTL AP"
"585","USW00022534","MOLOKAI KAUNAKAKAI MOLOKAI AP"
"586","USW00022536","LIHUE WSO AP 1020.1"
"587","USW00022551","EWA KALAELOA AP"
"588","USW00023007","CHILDRESS MUNI AP"
"589","USW00023009","ROSWELL IND AIR PK"
"590","USW00023020","LIBERAL MUNI AP"
"591","USW00023040","WINK FAA AP"
"592","USW00023043","ROSWELL MUNI AP"
"593","USW00023044","EL PASO INTL AP"
"594","USW00023045","RODEO CAA AP"
"595","USW00023046","ENGLE CAA AP"
"596","USW00023048","TUCUMCARI MUNI AP"
"597","USW00023049","SANTA FE CO MUNI AP"
"598","USW00023050","ALBUQUERQUE INTL AP"
"599","USW00023051","CLAYTON MUNI AIR PK"
"600","USW00023052","RATON MUNI CREWS FLD AP"
"601","USW00023053","PAMPA WB AP"
"602","USW00023054","LAS VEGAS MUNI AP"
"603","USW00023056","OTTO FAA AP"
"604","USW00023057","ACOMITA CAA AP"
"605","USW00023059","SALT FLAT CAA AP"
"606","USW00023060","EL MORRO CAA AP"
"607","USW00023063","EAGLE FAA AP"
"608","USW00023064","GARDEN CITY RGNL AP"
"609","USW00023067","LA JUNTA MUNI AP"
"610","USW00023070","TRINIDAD AP"
"611","USW00023077","CLOVIS MUNICIPAL AP"
"612","USW00023078","DEMING MUNI AP"
"613","USW00023081","GALLUP MUNI AP"
"614","USW00023090","FARMINGTON FOUR CORNERS RGNL A"
"615","USW00023091","FT STOCKTON PECOS CO AP"
"616","USW00023129","LONG BEACH DAUGHERTY AP"
"617","USW00023130","VAN NUYS AP"
"618","USW00023131","VICTORVILLE SO CA AP"
"619","USW00023136","CAMARILLO AP"
"620","USW00023152","BURBANK GLENDALE PASADENA AP"
"621","USW00023153","TONOPAH AP"
"622","USW00023154","ELY AP"
"623","USW00023155","BAKERSFIELD AP"
"624","USW00023157","BISHOP AP"
"625","USW00023159","BRYCE CANYON AP"
"626","USW00023160","TUCSON INTL AP"
"627","USW00023161","BARSTOW-DAGGETT AP"
"628","USW00023169","MCCARRAN INTL AP"
"629","USW00023173","LAS VEGAS WB AP"
"630","USW00023174","LOS ANGELES INTL AP"
"631","USW00023176","MILFORD MUNI AP"
"632","USW00023178","MT LAGUNA CAA AP"
"633","USW00023179","NEEDLES AP"
"634","USW00023180","NEWHALL AP"
"635","USW00023181","OCEANSIDE CAA AP"
"636","USW00023182","PALMDALE AP"
"637","USW00023183","PHOENIX AP"
"638","USW00023185","RENO AP"
"639","USW00023186","ST GEORGE MUNI AP"
"640","USW00023188","SAN DIEGO INTL AP"
"641","USW00023190","SANTA BARBARA MUNI AP"
"642","USW00023191","AVALON CATALINA AP"
"643","USW00023192","SILVER LAKE CAA AP"
"644","USW00023194","WINSLOW AP"
"645","USW00023195","YUMA WSO AP"
"646","USW00023213","SANTA ROSA SONOMA CO AP"
"647","USW00023225","BLUE CANYON NYACK AP"
"648","USW00023230","OAKLAND INTL AP"
"649","USW00023232","SACRAMENTO AP ASOS"
"650","USW00023233","SALINAS AP"
"651","USW00023234","SAN FRANCISCO INTL AP"
"652","USW00023237","STOCKTON AP"
"653","USW00023238","WILLIAMS CAA AP"
"654","USW00023243","LOMPOC AP"
"655","USW00023257","MERCED MUNI AP"
"656","USW00023258","MODESTO AP"
"657","USW00023259","MONTEREY PENINSUL AP"
"658","USW00023273","SANTA MARIA PUBLIC AP"
"659","USW00023275","UKIAH MUNI AP"
"660","USW00023277","WATSONVILLE MUNI AP"
"661","USW00023285","LIVERMORE MUNI AP"
"662","USW00024013","MINOT INTL AP"
"663","USW00024015","AKRON WASHINGTON CO AP"
"664","USW00024017","CHADRON MUNI AP"
"665","USW00024019","DOUGLAS CAA AP"
"666","USW00024021","LANDER AP"
"667","USW00024022","LARAMIE AP"
"668","USW00024023","N PLATTE RGNL AP"
"669","USW00024024","PHILIP AP"
"670","USW00024025","PIERRE RGNL AP"
"671","USW00024027","ROCK SPRINGS AP"
"672","USW00024028","SCOTTSBLUFF W B HEILIG FLD AP"
"673","USW00024029","SHERIDAN AP"
"674","USW00024030","SIDNEY MUNI AP"
"675","USW00024031","SINCLAIR CAA AP"
"676","USW00024032","VALENTINE MILLER FLD AP"
"677","USW00024033","BILLINGS INTL AP"
"678","USW00024036","LEWISTOWN AP"
"679","USW00024037","MILES CITY AP"
"680","USW00024044","ALLIANCE MUNI AP ASOS"
"681","USW00024046","CRAIG MOFFAT CO AP"
"682","USW00024048","GREYBULL S BIG HORN CO AP"
"683","USW00024051","GREELEY WELD CO AP"
"684","USW00024057","RAWLINS AP"
"685","USW00024062","WORLAND MUNI AP"
"686","USW00024089","CASPER-NATRONA CO AP"
"687","USW00024090","RAPID CITY RGNL AP"
"688","USW00024091","IMPERIAL MUNI AP"
"689","USW00024110","MOSES LAKE GRANT CO AP"
"690","USW00024118","FT BRIDGER AP"
"691","USW00024121","ELKO RGNL AP"
"692","USW00024122","FAIRFIELD CAA AP"
"693","USW00024126","OGDEN HINKLEY AP"
"694","USW00024127","SALT LAKE CITY INTL AP"
"695","USW00024128","WINNEMUCCA AP"
"696","USW00024130","BAKER CITY AP"
"697","USW00024131","BOISE AIR TERMINAL"
"698","USW00024132","BOZEMAN GALLATIN FLD AP"
"699","USW00024133","BURLEY MUNI AP"
"700","USW00024135","BUTTE BERT MOONEY AP"
"701","USW00024136","COEUR D ALENE AP"
"702","USW00024137","CUT BANK AP"
"703","USW00024138","DILLON AP"
"704","USW00024141","EPHRATA AP"
"705","USW00024143","GREAT FALLS AP"
"706","USW00024144","HELENA AP ASOS"
"707","USW00024145","IDAHO FALLS FAA AP"
"708","USW00024148","LA GRANDE MUNI AP"
"709","USW00024149","LEWISTON AP"
"710","USW00024150","LIVINGSTON AP"
"711","USW00024153","MISSOULA INTL AP"
"712","USW00024156","POCATELLO RGNL AP"
"713","USW00024157","SPOKANE INTL AP"
"714","USW00024160","WALLA WALLA RGNL AP"
"715","USW00024163","PASCO TRI CITIES AP"
"716","USW00024164","BIG PINEY MARBLETON AP"
"717","USW00024166","JACKSON HOLE AP"
"718","USW00024172","LOVELOCK DERBY FLD AP"
"719","USW00024193","WENDOVER AP AWOS"
"720","USW00024214","MONTAGUE YREKA MUNI AP"
"721","USW00024216","RED BLUFF MUNI AP"
"722","USW00024217","BELLINGHAM INTL AP"
"723","USW00024219","DALLESPORT AP"
"724","USW00024222","EVERETT SNOHOMISH CO AP"
"725","USW00024223","KELSO WB AP"
"726","USW00024224","KLAMATH FALLS AP"
"727","USW00024225","MEDFORD INTL AP"
"728","USW00024227","OLYMPIA AP"
"729","USW00024228","PORT ANGELES WB AP"
"730","USW00024229","PORTLAND INTL AP"
"731","USW00024230","REDMOND AP"
"732","USW00024231","ROSEBURG RGNL AP"
"733","USW00024232","SALEM AP (MCNARY FIELD)"
"734","USW00024233","SEATTLE TACOMA AP"
"735","USW00024241","TOLEDO FAA AP"
"736","USW00024242","PORTLAND TROUTDALE AP"
"737","USW00024243","YAKIMA AP"
"738","USW00024257","REDDING AP"
"739","USW00024259","MONTAGUE SISKIYOU AP"
"740","USW00024283","ARCATA EUREKA AP"
"741","USW00024284","N BEND SW OREGON RGNL AP"
"742","USW00024286","CRESCENT CITY MCNAMARA AP"
"743","USW00025308","ANNETTE AP"
"744","USW00025309","JUNEAU AP"
"745","USW00025323","HAINES AP"
"746","USW00025325","KETCHIKAN AP"
"747","USW00025331","PALMER AP"
"748","USW00025333","SITKA AP"
"749","USW00025335","SKAGWAY AP"
"750","USW00025339","YAKUTAT AP"
"751","USW00025367","KLAWOCK AP"
"752","USW00025501","KODIAK AP"
"753","USW00025506","ILIAMNA AP"
"754","USW00025507","HOMER AP"
"755","USW00025516","SELDOVIA AP"
"756","USW00025519","EGEGIK AP"
"757","USW00025624","COLD BAY AP"
"758","USW00025628","ST GEORGE IS AP"
"759","USW00025704","ADAK AP"
"760","USW00025713","SAINT PAUL IS AP"
"761","USW00026410","CORDOVA AP"
"762","USW00026411","FAIRBANKS INTL AP"
"763","USW00026412","NORTHWAY AP"
"764","USW00026414","SUMMIT WSO AP"
"765","USW00026415","BIG DELTA AP"
"766","USW00026422","EAGLE AP"
"767","USW00026425","GULKANA AP"
"768","USW00026435","NENANA MUNI AP"
"769","USW00026438","SEWARD AP"
"770","USW00026439","SHEEP MTN CAA AP"
"771","USW00026445","YAKATAGA AP"
"772","USW00026451","ANCHORAGE TED STEVENS INTL AP"
"773","USW00026501","GALENA AP"
"774","USW00026502","KALTAG AP"
"775","USW00026509","GALENA AP"
"776","USW00026510","MCGRATH AP"
"777","USW00026516","ANIAK AP"
"778","USW00026519","FAREWELL FAA AP"
"779","USW00026523","KENAI AP"
"780","USW00026528","TALKEETNA AP"
"781","USW00026529","TANANA AP"
"782","USW00026533","BETTLES AP"
"783","USW00026615","BETHEL AP"
"784","USW00026616","KOTZEBUE AP"
"785","USW00026617","NOME AP"
"786","USW00026620","MOSES POINT FAA AP"
"787","USW00026628","GOLOVIN AP"
"788","USW00026635","MTN VILLAGE AP"
"789","USW00026642","KIVALINA AP"
"790","USW00026643","DEERING AP"
"791","USW00026644","ANVIK AP"
"792","USW00026653","TOKSOOK BAY AP"
"793","USW00027401","BARTER ISLAND WSO AP"
"794","USW00027502","BARROW AP"
"795","USW00027503","WAINWRIGHT AP"
"796","USW00027515","NUIQSUT AP"
"797","USW00053119","HANFORD MUNI AP"
"798","USW00053120","RAMONA AP"
"799","USW00053121","OCEANSIDE MUNI AP"
"800","USW00053123","LAS VEGAS AIR TERMINAL"
"801","USW00053127","LAS VEGAS HENDERSON AP"
"802","USW00053175","CORONA MUNICIPAL AP"
"803","USW00053802","MATTOON CHARLESTON COLES CO AP"
"804","USW00053803","OWENSBORO DAVIESS CO RGNL AP"
"805","USW00053808","LAUREL HATTIESBURG RGNL AP"
"806","USW00053838","GAINESVILLE LEE GILMER MEM AP"
"807","USW00053841","FRANKFORT CAPITAL CITY AP"
"808","USW00053842","INDIANAPOLIS EAGLE CREEK AP"
"809","USW00053843","ANDALUSIA OPP AP"
"810","USW00053844","LANCASTER FAIRFIELD CO AP"
"811","USW00053850","CLEMSON OCONEE CO AP"
"812","USW00053853","DESTIN FT WALTON BEACH AP"
"813","USW00053854","ORANGEBURG MUNI AP"
"814","USW00053855","HAMILTON BUTLER CO RGNL AP"
"815","USW00053858","PASCAGOULA LOTT INTL AP"
"816","USW00053859","DAYTON WRIGHT BROTHERS AP"
"817","USW00053860","JACKSONVILLE CRAIG MUNI AP"
"818","USW00053862","PERRY FOLEY AP"
"819","USW00053863","ATLANTA DEKALB PEACHTREE AP"
"820","USW00053864","ALABASTER SHELBY CO AP ASOS"
"821","USW00053865","SLIDELL AP"
"822","USW00053866","SHELBYVILLE MUNI AP"
"823","USW00053867","COLUMBIA OWENS DWTN AP"
"824","USW00053869","BLYTHEVILLE MUNI AP"
"825","USW00053870","GASTONIA MUNI AP"
"826","USW00053871","ROCK HILL YORK CO AP"
"827","USW00053872","MONROE AP"
"828","USW00053873","CARTERSVILLE AP"
"829","USW00053874","GREENWOOD CO AP"
"830","USW00053879","LEES SUMMIT MUNI AP"
"831","USW00053901","W PLAINS MUNI AP"
"832","USW00053902","CONROE MONTGOMERY CO AP"
"833","USW00053903","HUNTSVILLE MUNI AP"
"834","USW00053904","ST CHARLES CO AP"
"835","USW00053905","SHREVEPORT DWTN AP"
"836","USW00053907","ARLINGTON MUNI AP"
"837","USW00053908","TULSA RICHARD L JONES JR AP"
"838","USW00053909","FT WORTH ALLIANCE AP"
"839","USW00053910","HOUSTON HOOKS MEM AP"
"840","USW00053911","TERRELL MUNI AP"
"841","USW00053913","GUTHRIE MUNI AP"
"842","USW00053914","MCKINNEY MUNI AP"
"843","USW00053915","NEW IBERIA AP - ACADIANA RGNL"
"844","USW00053917","NEW ORLEANS LAKEFRONT AP"
"845","USW00053918","MTN HOME BAXTER CO RGNL AP"
"846","USW00053919","MONTICELLO MUNI AP"
"847","USW00053920","RUSSELLVILLE MUNI AP"
"848","USW00053925","DE QUEEN SEVIER CO AP"
"849","USW00053928","BRENHAM MUNI AP"
"850","USW00053931","KAISER AP"
"851","USW00053934","BATESVILLE RGNL AP"
"852","USW00053942","GEORGETOWN MUNI AP"
"853","USW00053948","NACOGDOCHES MANGHAM AP"
"854","USW00053952","WACO MCGREGOR EXEC AP"
"855","USW00053955","SILOAM SPRINGS AP"
"856","USW00053959","W MEMPHIS MUNI AP"
"857","USW00053964","DECATUR MUNI AP"
"858","USW00053965","GRAHAM MUNI AP"
"859","USW00053966","MID WAY RGNL AP"
"860","USW00053967","GRAYSON CO AP"
"861","USW00053970","MESQUITE METRO AP"
"862","USW00053972","HILLSBORO MUNI AP"
"863","USW00053973","HEARNE MUNI AP"
"864","USW00053975","LANCASTER AP"
"865","USW00053976","BRIDGEPORT MUNI AP"
"866","USW00053977","GRANBURY MUNI AP"
"867","USW00053979","GIDDINGS LEE CO AP"
"868","USW00053981","CLEBURNE MUNI AP"
"869","USW00053983","LLANO MUNI AP"
"870","USW00053984","GRAND PRAIRIE MUNI AP"
"871","USW00053985","SEARCY MUNI AP"
"872","USW00053996","MENA INTERMOUNTAIN AP"
"873","USW00053997","COMANCHE CO CITY AP"
"874","USW00054704","NORWOOD MEM AP"
"875","USW00054728","WHITEFIELD MT WASHINGTON RGNL"
"876","USW00054733","BEVERLY MUNI AP"
"877","USW00054734","DANBURY MUNI AP"
"878","USW00054737","LANCASTER AP"
"879","USW00054740","SPRINGFIELD HARTNESS STATE AP"
"880","USW00054743","CALDWELL ESSEX CO AP"
"881","USW00054756","ORANGE MUNI AP"
"882","USW00054757","WELLSVILLE MUNI AP"
"883","USW00054767","WILLIMANTIC WINDHAM AP"
"884","USW00054768","N ADAMS HARRIMAN AP"
"885","USW00054769","PLYMOUTH MUNI AP"
"886","USW00054770","JAFFREY MUNI AP SILVER RCH"
"887","USW00054771","MORRISVILLE STOWE STATE AP"
"888","USW00054772","FRYEBURG ESTRN SLOPES RGNL AP"
"889","USW00054773","FULTON OSWEGO CO AP"
"890","USW00054777","TAUNTON MUNI AP"
"891","USW00054778","PENN YAN AP"
"892","USW00054779","AEROFLEX-ANDOVER AP"
"893","USW00054780","MONTAUK AP"
"894","USW00054781","BENNINGTON MORSE STATE AP"
"895","USW00054782","HERITAGE FLD AP"
"896","USW00054785","SOMERSET AP"
"897","USW00054786","DOYLESTOWN AP"
"898","USW00054787","FARMINGDALE REPUBLIC AP"
"899","USW00054788","MERIDEN MARKHAM MUNI AP"
"900","USW00054790","SHIRLEY BROOKHAVEN AP"
"901","USW00054791","ROCHESTER SKYHAVEN AP"
"902","USW00054792","CLEARFIELD LAWRENCE AP"
"903","USW00054793","SUSSEX AP"
"904","USW00054831","BLOOMINGTON NORMAL AP"
"905","USW00054911","TAYLOR CO AP"
"906","USW00063803","LAWRENCEVILLE AP"
"907","USW00063813","MARIETTA COBB CO AP"
"908","USW00063870","FLORALA MUNI AP"
"909","USW00063871","BONIFAY TRI CO AP"
"910","USW00063872","EUFAULA WEEDON FLD AP"
"911","USW00063874","GREENVILLE MAC CRENSHAW MEM AP"
"912","USW00063888","SPRINGFIELD BECKLEY AP"
"913","USW00063904","TAYLOR MUNI AP"
"914","USW00064705","BUTLER CO AP"
"915","USW00064709","SANFORD RGNL AP"
"916","USW00064710","NORTH CENTRAL STATE AP"
"917","USW00064776","PLATTSBURGH INTL AP"
"918","USW00073805","NW FLORIDA BEACHES INTL AP"
"919","USW00092802","TAMPA BAY EXEC AP"
"920","USW00092809","HOLLYWOOD N PERRY AP"
"921","USW00092814","ST AUGUSTINE AP"
"922","USW00093005","DURANGO LA PLATA CO AP"
"923","USW00093009","LEADVILLE LAKE CO AP"
"924","USW00093013","MONTROSE RGNL AP"
"925","USW00093026","DOUGLAS (BISBEE) INTL AP"
"926","USW00093027","ST JOHNS IND AIR PK"
"927","USW00093033","CAVERN CITY AP"
"928","USW00093037","COLORADO SPRINGS MUNI AP"
"929","USW00093041","LAS CRUCES MUNI AP"
"930","USW00093042","DALHART FAA AP"
"931","USW00093045","TRUTH OR CONSEQUENCES MUNI AP"
"932","USW00093057","GRANTS MILAN MUNI AP"
"933","USW00093058","PUEBLO MEM AP"
"934","USW00093063","SILVER CITY CO AP"
"935","USW00093067","DENVER CENTENNIAL AP"
"936","USW00093069","CORTEZ MONTEZUMA CO AP"
"937","USW00093073","ASPEN PITKIN CO AP SARDY FLD"
"938","USW00093075","MOAB CANYONLAND AP"
"939","USW00093084","SAFFORD MUNI AP"
"940","USW00093097","ALAMOGORDO RGNL AP"
"941","USW00093110","OXNARD VENTURA CO AP"
"942","USW00093123","FALLON CAA AP"
"943","USW00093129","CEDAR CITY AP"
"944","USW00093141","PRICE CARBON CO AP"
"945","USW00093167","KINGMAN AP"
"946","USW00093184","SANTA ANA JOHN WAYNE AP"
"947","USW00093193","FRESNO YOSEMITE INTL"
"948","USW00093197","SANTA MONICA MUNI AP"
"949","USW00093198","ST GEORGE CAA AP"
"950","USW00093205","MARYSVILLE AP (ASOS)"
"951","USW00093209","PASO ROBLES MUNI AP"
"952","USW00093210","OROVILLE MUNI AP"
"953","USW00093225","SACRAMENTO METRO AP"
"954","USW00093227","NAPA CO AP"
"955","USW00093228","HAYWARD AIR TERMINAL"
"956","USW00093230","S LAKE TAHOE AP"
"957","USW00093241","VACAVILLE/NUT TREE AP ASOS"
"958","USW00093242","MADERA MUNI AP"
"959","USW00093706","HAGERSTOWN RGNL AP"
"960","USW00093720","SALISBURY-WICOMICO RGNL AP"
"961","USW00093721","BALTIMORE-WASHINGTON INTL AP"
"962","USW00093730","ATLANTIC CITY INTL AP"
"963","USW00093736","CHARLOTTESVILLE ALBEMARLE AP"
"964","USW00093738","WASHINGTON DULLES INTL AP"
"965","USW00093740","FAYETTEVILLE RGNL AP GRANNIS F"
"966","USW00093741","NEWPORT NEWS INTL AP"
"967","USW00093759","ROCKY MT WILSON AP"
"968","USW00093775","ASHLAND HANOVER CO MUNI AP"
"969","USW00093778","YORK AP"
"970","USW00093780","S JERSEY RGNL AP"
"971","USW00093781","ROANOKE RAPIDS HALIFAX CO AP"
"972","USW00093782","LAURINBURG MAXTON AP"
"973","USW00093783","BURLINGTON ALAMANCE RGNL AP"
"974","USW00093785","CHAPEL HILL WILLIAMS AP"
"975","USW00093786","OCEAN CITY MUNI AP"
"976","USW00093801","ROME R B RUSSELL AP"
"977","USW00093803","SMITHVILLE CAA AP"
"978","USW00093804","SPARTANBURG WB AP"
"979","USW00093806","TUSCALOOSA AP ASOS"
"980","USW00093807","WINSTON SALEM REYNOLDS AP"
"981","USW00093808","BOWLING GREEN WARREN CO AP"
"982","USW00093810","CARBONDALE STHRN ILLINOIS AP"
"983","USW00093812","CINCINNATI MUNI AP LUNKEN FLD"
"984","USW00093815","DAYTON INTL AP"
"985","USW00093817","EVANSVILLE RGNL AP"
"986","USW00093820","LEXINGTON BLUEGRASS AP"
"987","USW00093821","LOUISVILLE INTL AP"
"988","USW00093823","TERRE HAUTE CAA AP"
"989","USW00093824","ZANESVILLE MUNI AP"
"990","USW00093836","BRUNSWICK GLYNN CO AP"
"991","USW00093842","COLUMBUS METRO AP"
"992","USW00093843","DOTHAN FAA AP"
"993","USW00093845","VALDOSTA RGNL AP"
"994","USW00093846","ANDERSON FAA AP"
"995","USW00093862","TUPELO RGNL AP"
"996","USW00093874","GULFPORT - BILOXI AP"
"997","USW00093909","OLATHE JOHNSON CO IND AP"
"998","USW00093915","ALEXANDRIA INTL AP"
"999","USW00093919","MCCOMB AP"
"1000","USW00093929","GAINESVILLE MUNI AP"
"1001","USW00093937","SULPHUR SPRINGS MUNI AP"
"1002","USW00093947","FREDERICKSBURG GILLESPIE CO AP"
"1003","USW00093950","MCALESTER RGNL AP"
"1004","USW00093967","COFFEYVILLE MUNI AP"
"1005","USW00093983","PALESTINE MUNI AP"
"1006","USW00093985","MINERAL WELLS AP"
"1007","USW00093986","HOBART MUNI AP"
"1008","USW00093987","LUFKIN ANGELINA CO AP"
"1009","USW00093989","QUINCY RGNL AP"
"1010","USW00093990","HILL CITY MUNI AP"
"1011","USW00093991","WALNUT RIDGE MUNI AP"
"1012","USW00093996","FARMINGTON FAA AP"
"1013","USW00093997","RUSSELL MUNI AP"
"1014","USW00093999","VICKSBURG CAA AP 2"
"1015","USW00094012","HAVRE AP ASOS"
"1016","USW00094017","WOLF PT INTL AP"
"1017","USW00094023","GILLETTE CAMPBELL CO AP"
"1018","USW00094025","HAYDEN YAMPA VALLEY AP"
"1019","USW00094028","SIDNEY RICHLAND MUNI AP"
"1020","USW00094030","VERNAL MUNI AP"
"1021","USW00094032","CUSTER CO AP"
"1022","USW00094035","FT COLLINS LOVELAND AP"
"1023","USW00094038","HETTINGER MUNI AP"
"1024","USW00094039","PINE RIDGE AP"
"1025","USW00094040","MCCOOK MUNI AP"
"1026","USW00094050","MEEKER AP"
"1027","USW00094051","JORDAN AP"
"1028","USW00094052","MOBRIDGE MUNI AP"
"1029","USW00094053","TORRINGTON MUNI AP"
"1030","USW00094054","BUFFALO JOHNSON CO AP"
"1031","USW00094055","BAKER MUNI AP"
"1032","USW00094056","FAITH MUNI AP"
"1033","USW00094057","CONVERSE CO AP ASOS"
"1034","USW00094107","ROME STATE AP"
"1035","USW00094119","DEER PARK AP"
"1036","USW00094128","LOGAN CACHE AP"
"1037","USW00094129","PULLMAN MOSCOW RGNL AP"
"1038","USW00094178","TWIN FALLS SUN VALLEY RGNL AP"
"1039","USW00094182","MCCALL AP"
"1040","USW00094185","BURNS MUNI AP"
"1041","USW00094194","REXBURG MADISON CO AP"
"1042","USW00094224","ASTORIA AP (PORT OF)"
"1043","USW00094225","HOQUIAM BOWERMAN AP"
"1044","USW00094227","SHELTON AP"
"1045","USW00094236","KLAMATH FALLS INTL AP"
"1046","USW00094239","WENATCHEE PANGBORN MEM AP"
"1047","USW00094240","QUILLAYUTE AP"
"1048","USW00094248","RENTON MUNI AP"
"1049","USW00094261","PORTLAND-HILLSBORO AP"
"1050","USW00094266","PORT ANGELES FAIRCHILD INTL AP"
"1051","USW00094273","MCMINNVILLE MUNI AP"
"1052","USW00094274","TACOMA NARROWS AP"
"1053","USW00094276","FRIDAY HARBOR AP"
"1054","USW00094281","AURORA STATE AP"
"1055","USW00094285","LAKEVIEW LAKE CO AP"
"1056","USW00094298","VANCOUVER PEARSON AP"
"1057","USW00094299","ALTURAS MUNI AP"
"1058","USW00094623","WISCASSET AP"
"1059","USW00094624","CHATHAM MUNI AP"
"1060","USW00094700","BERLIN MUNI AP"
"1061","USW00094702","IGOR I SIKORSKY MEM AP"
"1062","USW00094704","DANSVILLE MUNI AP"
"1063","USW00094705","MONTPELIER AP"
"1064","USW00094720","HYANNIS BARNSTABLE MUNI AP"
"1065","USW00094723","LAWRENCE MUNI AP"
"1066","USW00094725","MASSENA INTL AP"
"1067","USW00094726","NEW BEDFORD MUNI AP"
"1068","USW00094732","NE PHILA AP"
"1069","USW00094733","PLATTSBURGH CLINTON CO AP"
"1070","USW00094737","RUTLAND STATE AP"
"1071","USW00094740","SARANAC LK ADIRONDACK RGNL AP"
"1072","USW00094741","TETERBORO AP"
"1073","USW00094745","WESTCHESTER CO AP"
"1074","USW00094765","LEBANON MUNI AP"
"1075","USW00094789","JFK INTL AP"
"1076","USW00094790","WATERTOWN AP"
"1077","USW00094793","BLOCK ISLAND STATE AP"
"1078","USW00094794","UTICA ONEIDA CO AP"
"1079","USW00094814","HOUGHTON LAKE ROSCOMMON CO AP"
"1080","USW00094815","KALAMAZOO BATTLE CREEK INTL AP"
"1081","USW00094817","PONTIAC OAKLAND CO INTL AP"
"1082","USW00094818","RACINE BATTEN AP"
"1083","USW00094822","ROCKFORD GTR ROCKFORD AP"
"1084","USW00094830","TOLEDO EXPRESS AP"
"1085","USW00094846","CHICAGO OHARE INTL AP"
"1086","USW00094847","DETROIT METRO AP"
"1087","USW00094849","ALPENA CO RGNL AP"
"1088","USW00094853","ESCANABA DELTA CO AP"
"1089","USW00094855","OSHKOSH WITTMAN RGNL AP"
"1090","USW00094870","CHAMPAIGN URBANA WILLARD AP"
"1091","USW00094889","ANN ARBOR MUNI AP"
"1092","USW00094892","CHICAGO W CHICAGO DUPAGE AP"
"1093","USW00094893","IRON MTN FORD AP"
"1094","USW00094895","MUNCIE DELAWARE CO AP"
"1095","USW00094908","DUBUQUE RGNL AP"
"1096","USW00094910","WATERLOO MUNI AP"
"1097","USW00094929","ASHLAND KENNEDY MEM AP"
"1098","USW00094931","HIBBING CHISHOLM HIBBING AP"
"1099","USW00094938","BRAINERD CROW WING CO AP"
"1100","USW00094943","CHAMBERLAIN MUNI AP"
"1101","USW00094946","BROKEN BOW MUNI AP"
"1102","USW00094948","FAIRMONT MUNI AP"
"1103","USW00094949","HASTINGS MUNI AP"
"1104","USW00094950","MITCHELL AP"
"1105","USW00094960","MINNEAPOLIS CRYSTAL AP"
"1106","USW00094961","BAUDETTE INTL AP"
"1107","USW00094963","MINNEAPOLIS FLYING CLOUD AP"
"1108","USW00094967","PARK RAPIDS MUNI AP"
"1109","USW00094971","ESTHERVILLE MUNI AP"
"1110","USW00094973","HAYWARD MUNI AP"
"1111","USW00094978","TEKAMAH MUNI AP"
"1112","USW00094985","MARSHFIELD MUNI AP"
"1113","USW00094988","MARSHALLTOWN MUNI AP"
"1114","USW00094989","AMES MUNI AP"
"1115","USW00094991","LAMONI MUNI AP"
"1116","USW00094993","SISSETON MUNI AP"
"1117","USW00094994","BOSCOBEL AP"
