"","STATIONID","LAT","LONG","STATION"
"1","US1ALTG0006","33.2243",-86.3195,"BON AIR 2.8 SSE"
"2","US1CODN0006","39.7685",-104.8681,"DENVER WSFO AP"
"3","US1COEP0023","38.8166",-104.7166,"COLORADO SPRINGS AIRPORT (MSWS"
"4","US1COLA0037","37.2666",-104.3166,"TRINIDAD AIRPORT"
"5","US1COLN0031","39.2666",-103.6666,"LIMON AIRPORT"
"6","US1COME0044","39.1199",-108.5252,"GRAND JUNCTION REGIONAL AIRPOR"
"7","US1COOT0019","38.0500",-103.5166,"LA JUNTA AIRPORT MSWS"
"8","US1COPU0037","38.2833",-104.4999,"PUEBLO AIRPORT"
"9","US1COPW0011","38.0666",-102.6833,"LAMAR AIRPORT MSWS"
"10","US1ILMCH079","42.1841",-88.3034,"LAKE IN THE HILLS 1.1 ESE"
"11","US1ILMCH085","42.1936",-88.3709,"LAKE IN THE HILLS 2.5 W"
"12","US1MABE0038","42.4276",-73.2908,"PITTSFIELD AIRPORT"
"13","US1MDAL0002","39.5768",-78.8498,"CRESAPTOWN-BEL AIR 0.9 SSE"
"14","US1MDHR0001","39.5619",-76.3842,"BEL AIR NORTH 0.8 NW"
"15","US1MDHR0011","39.5385",-76.3788,"BEL AIR 1.7 W"
"16","US1MDHR0018","39.5641",-76.3079,"BEL AIR 2.9 NE"
"17","US1MDHR0032","39.5610",-76.3378,"BEL AIR 1.9 NNE"
"18","US1MDHR0035","39.5667",-76.3246,"BEL AIR 2.5 NNE"
"19","US1MIIC0006","44.2933",-83.6841,"NATIONAL CITY 4.5 NNE"
"20","US1MNKC0001","48.5970",-93.4256,"INTERNATIONAL FALLS 1.0 NW"
"21","US1MNKC0003","48.6068",-93.1854,"INTERNATIONAL FALLS 10.2 E"
"22","US1MNKC0004","48.4778",-93.4228,"INTERNATIONAL FALLS 7.7 S"
"23","US1MNKC0007","48.6041",-93.1828,"INTERNATIONAL FALLS 10.3 E"
"24","US1MNKC0008","48.5975",-93.4284,"INTERNATIONAL FALLS 1.1 NW"
"25","US1MNKC0009","48.5936",-93.4193,"INTERNATIONAL FALLS 0.6 NW"
"26","US1MNKC0010","48.5239",-93.4607,"INTERNATIONAL FALLS 5.1 SSW"
"27","US1MNKC0011","48.5880",-93.3915,"INTERNATIONAL FALLS 0.7 E"
"28","US1MNKC0014","48.5201",-93.607,"INTERNATIONAL FALLS 10.3 WSW"
"29","US1MNKC0018","48.6039",-93.4146,"INTERNATIONAL FALLS 1.1 NNW"
"30","US1MNKC0019","48.6055",-93.2009,"INTERNATIONAL FALLS 9.5 E"
"31","US1MNKC0020","48.5963",-93.216,"INTERNATIONAL FALLS 8.8 E"
"32","US1MNKC0021","48.6074",-93.2506,"INTERNATIONAL FALLS 7.3 E"
"33","US1MSAC0004","34.9156",-88.6023,"CORINTH 5.1 WSW (AIRPORT)"
"34","US1OHOT0004","41.6390",-82.8248,"PUT-IN-BAY 1.1 SSW"
"35","US1TXLK0022","33.6658",-101.8233,"LUBBOCK INTERNATIONAL"
"36","US1TXSM0022","32.3059",-95.0983,"ARP 5.9 NNW"
"37","US1VACS0048","37.4626",-77.5813,"BON AIR 4.0 S"
"38","US1VACS0054","37.5360",-77.6073,"BON AIR 2.4 WNW"
"39","US1WYAB0007","41.3166",-105.6666,"LARAMIE AIRPORT"
"40","US1WYCR0003","41.7833",-107.2041,"RAWLINS AIRPORT"
"41","US1WYGS0005","42.0666",-104.15,"TORRINGTON AIRPORT"
"42","US1WYLM0011","41.1499",-104.8166,"CHEYENNE AIRPORT"
"43","USC00010830","33.5678",-86.7564,"BIRMINGHAM AP AA"
"44","USC00026180","36.9211",-111.4489,"PAGE AP"
"45","USC00026482","33.4436",-112.0239,"PHOENIX AP ASOS BACKUP"
"46","USC00027477","33.3833",-110.4667,"SAN CARLOS AP"
"47","USC00027718","35.3000",-113.1667,"SELIGMAN AP"
"48","USC00027855","34.2639",-110.0075,"SHOW LOW AP"
"49","USC00029007","35.6667",-112.15,"VALLE AP"
"50","USC00040619","34.0833",-118.45,"BEL AIR FC 10A"
"51","USC00041960","37.9833",-122.0167,"CONCORD AP"
"52","USC00044558","36.2333",-121.1167,"KING CITY AP"
"53","USC00045112","34.0667",-118.2333,"LOS ANGELES TERMINAL A"
"54","USC00046826","38.2578",-122.6078,"PETALUMA AP"
"55","USC00048832","35.1308",-118.4325,"TEHACHAPI AP"
"56","USC00049040","39.3181",-120.145,"TRUCKEE-TAHOE AP"
"57","USC00051777","38.8158",-104.6994,"COLORADO SPRINGS AP SNOW"
"58","USC00052212","39.8308",-104.6867,"DENVER INTL AP 2SW"
"59","USC00053246","38.6878",-108.9608,"GATEWAY 1ENE"
"60","USC00080211","29.7258",-85.0206,"APALACHICOLA AP"
"61","USC00081649","26.7333",-80.95,"CLEWISTON AP"
"62","USC00084095","25.5011",-80.55,"HOMESTEAD GEN AVIATION AP"
"63","USC00088756","30.3964",-84.3558,"TALLAHASSEE AP"
"64","USC00090586","30.8228",-84.6175,"BAINBRIDGE INTL PAPER"
"65","USC00108076","45.2000",-113.8667,"SALMON AP"
"66","USC00108535","42.6514",-111.5833,"SODA SPRINGS AP"
"67","USC00111577","41.7372",-87.7772,"CHICAGO MIDWAY AP 3SW"
"68","USC00112470","41.9058",-88.2556,"DUPAGE AP"
"69","USC00116703","40.6914",-89.6667,"PEORIA AIRPORT 2NE"
"70","USC00121719","40.9167",-87.15,"COLLEGEVILLE ST JOE AP"
"71","USC00122309","38.4558",-86.6983,"DUBOIS SRN IN FORAGE FARM"
"72","USC00124168","38.2667",-86.95,"HUNTINGBURG AP"
"73","USC00125607","41.7000",-86.8167,"MICHIGAN CY PHILIPS AP"
"74","USC00127357","39.7667",-84.8333,"RICHMOND AIRPORT"
"75","USC00129678","40.1714",-84.9208,"WINCHESTER AIRPORT 3 E"
"76","USC00132359","42.4000",-90.6667,"DUBUQUE AP"
"77","USC00147546","38.7056",-97.8461,"SMOKY HILL AIR NATL GRD RANGE"
"78","USC00166657","30.0292",-91.8844,"NEW IBERIA AP - ACADIANA RGNL"
"79","USC00166661","30.0333",-90.0333,"NEW ORLEANS AP"
"80","USC00167001","30.5500",-92.0833,"OPELOUSAS AP"
"81","USC00173353","45.4631",-69.5553,"GREENVILLE MUNI AP"
"82","USC00189502","39.0667",-77.0333,"WHEATON RGNL PARK"
"83","USC00197124","42.5333",-70.8667,"SALEM CG AIR STN"
"84","USC00200710","42.1244",-86.4267,"BENTON HARBOR AP"
"85","USC00204959","43.9636",-86.4164,"LUDINGTON AP"
"86","USC00206442","45.5719",-84.7858,"PELLSTON AP #2"
"87","USC00208252","44.7450",-85.5844,"TRAVERSE CITY AP #2"
"88","USC00217011","43.9336",-92.4728,"ROCHESTER AP 2NE"
"89","USC00230887","36.5394",-93.1997,"BRANSON AP"
"90","USC00235207","36.5997",-89.9897,"MALDEN MUNI AP"
"91","USC00242511","46.6167",-113.2,"DRUMMOND FAA AP"
"92","USC00243366","45.4453",-111.2367,"GALLATIN GATEWAY 10SSW"
"93","USC00243368","45.2333",-111.25,"GALLATIN GATEWAY 26 S"
"94","USC00243369","45.1167",-111.2333,"GALLATIN GATEWAY 32 S"
"95","USC00243372","45.2167",-111.2833,"GALLATIN GATEWAY 26 SS"
"96","USC00244558","48.3042",-114.2642,"KALISPELL GLACIER AP"
"97","USC00247501","48.5500",-111.8667,"SHELBY AP"
"98","USC00248858","44.6567",-111.0903,"W YELLOWSTONE GATEWAY"
"99","USC00251245","40.3333",-97.4333,"BRUNING STATE AP"
"100","USC00263515","38.5500",-118.6667,"HAWTHORNE AP"
"101","USC00272846","44.7925",-71.1633,"ERROL AP"
"102","USC00273488","44.3933",-71.1947,"GORHAM AP"
"103","USC00288884","40.8589",-74.0561,"TETERBORO AP"
"104","USC00293682","35.1664",-107.8992,"GRANTS AP"
"105","USC00298127","31.8728",-106.6981,"SANTA TERESA AP"
"106","USC00303508","43.2242",-75.3997,"GRIFFISS INTERNATIONAL AIRPORT"
"107","USC00307338","41.0667",-73.7167,"RYE LAKE AIRPORT"
"108","USC00317081","35.7500",-78.6167,"RALEIGH MUNI AP"
"109","USC00329426","48.2542",-103.7467,"WILLISTON AP"
"110","USC00336882","41.6500",-82.8,"PUT-IN-BAY"
"111","USC00357050","44.2603",-121.1483,"REDMOND AIR CTR"
"112","USC00366880","39.8667",-75.2322,"PHILA AP SNOW"
"113","USC00369982","40.7000",-76.3833,"ZERBEY AP"
"114","USC00383470","33.3169",-79.3228,"GEORGETOWN CO AP"
"115","USC00383742","34.8486",-82.35,"GREENVILLE DWTN AP"
"116","USC00397666","43.5878",-96.73,"SIOUX FALLS WFO AP"
"117","USC00408242","35.5606",-86.4447,"SHELBYVILLE MUNI AP"
"118","USC00409493","36.1142",-87.7419,"WAVERLY AP"
"119","USC00410058","32.9678",-96.8372,"ADDISON AIRPORT"
"120","USC00415589","30.2500",-103.8833,"MARFA CAA AP"
"121","USC00415590","30.3667",-104.0167,"MARFA AP"
"122","USC00415766","33.1828",-96.59,"MCKINNEY MUNI AP"
"123","USC00419129","26.4000",-98.35,"TRI CITY AP"
"124","USC00419367","28.8439",-96.9214,"VICTORIA RGNL AP"
"125","USC00422252","40.2000",-110.3833,"DUCHESNE AP"
"126","USC00424025","40.9667",-110.1667,"HOLE IN THE ROCK"
"127","USC00424225","40.5500",-112.2333,"INTERNATIONAL"
"128","USC00427061","40.2167",-111.7167,"PROVO AP"
"129","USC00428631","40.7500",-112,"TERMINAL"
"130","USC00434122","44.7903",-71.8297,"ISLAND POND AP"
"131","USC00435376","44.5328",-72.6153,"MORRISVILLE-STOWE STATE AP"
"132","USC00440880","37.5333",-77.6833,"BON AIR"
"133","USC00451650","48.5500",-117.8833,"COLVILLE AP"
"134","USC00452066","47.9667",-117.4333,"DEER PARK AP"
"135","USC00472412","42.7981",-88.3803,"EAST TROY AP"
"136","USC00484799","44.7811",-106.9644,"IML - AIR SCI"
"137","USC00500272","61.1747",-149.905,"ANCHORAGE ARCTIC & INT"
"138","USC00502457","59.0500",-158.5167,"DILLINGHAM FAA AP"
"139","USC00502965","64.8172",-147.8739,"FAIRBANKS AP #2"
"140","USC00503500","59.2667",-135.45,"HAINES TERMINAL"
"141","USC00506093","63.6500",-148.8,"MT MCKINLEY NP AP"
"142","USC00506403","60.6833",-151.3833,"NIKISKI TERMINAL"
"143","USC00508107","62.0667",-163.3,"ST MARYS AP"
"144","USC00508550","62.7167",-143.9167,"SLANA AP"
"145","USC00509685","61.1314",-146.2436,"VALDEZ AIRPORT"
"146","USC00509919","56.4733",-132.3875,"WRANGELL AP"
"147","USC00511125","20.7947",-156.0153,"HANA AP 355"
"148","USC00512307","20.9333",-156.7,"KAANAPALI AP 453.1"
"149","USC00512317","20.9333",-156.7,"KAANAPALI AP 453.1"
"150","USC00513078","20.0000",-155.6667,"KAMUELA AP 191"
"151","USC00513317","20.9625",-156.6753,"KAPALUA-W MAUI AP 462.4"
"152","USC00514764","19.6500",-156.0167,"KONA AP 68.3"
"153","USC00515275","20.7894",-156.9486,"LANAI AP 656"
"154","USC00518108","21.8961",-159.6028,"PORT ALLEN AP 926.10"
"155","USC00518161","22.2114",-159.4433,"PRINCEVILLE AP 1117.9"
"156","USC00518816","20.2647",-155.8586,"UPOLU AP 160.3"
"157","USC00518828","20.2667",-155.85,"UPOLU POINT AP 16"
"158","USC00518953","21.5167",-157.95,"WAHIAWA MAUKA INTL 882"
"159","USP00CA0003","38.5069",-121.495,"SACRAMENTO AP ASOS"
"160","USR0000CREA","40.5158",-122.2906,"REDDING AIRPORT CALIFORNIA"
"161","USR0000CWEE","41.4789",-122.4539,"WEED AIRPORT CALIFORNIA"
"162","USR0000KJAC","37.5922",-83.3178,"JACKSON CO. AP KENTUCKY"
"163","USR0000MTHO","47.5806",-115.285,"THOMPSON FALLS AP MONTANA"
"164","USR0000OILL","42.1039",-123.6853,"ILLINOIS VALLEY AIRPORT OREGON"
"165","USS0010J01S","40.9200",-110.19,"Hole-in-Rock"
"166","USS0015J15S","40.9400",-115.1,"Hole-in-Mountain"
"167","USW00000102","66.9831",-160.4331,"BOB BARKER MEMORIAL AP"
"168","USW00000103","65.6169",-168.1,"WALES AP"
"169","USW00000111","64.3700",-161.2239,"SHAKTOOLIK AP"
"170","USW00000113","66.8181",-161.0219,"ROBERT CURTIS MEMORIAL AP"
"171","USW00000130","28.9500",-98.5169,"PLEASANTON MUNI AP"
"172","USW00000132","44.0331",-89.3,"WAUTOMA MUNI AP"
"173","USW00000133","35.6000",-92.45,"CLINTON MUNI AP"
"174","USW00000153","37.4000",-77.5169,"CHESTERFIELD CO AP"
"175","USW00000154","36.7831",-76.45,"HAMPTON ROADS EXECUTIVE AP"
"176","USW00000157","40.7500",-106.2669,"WALDEN JACKSON COUNTY AP"
"177","USW00000160","40.0331",-105.2169,"BOULDER MUNI AP"
"178","USW00000166","30.5000",-97.9669,"LAGO VISTA RUSTY ALLEN AP"
"179","USW00000176","32.7169",-98.8919,"STEPHENS COUNTY AP"
"180","USW00000177","29.8500",-98.85,"CASTROVILLE MUNI AIRPORT"
"181","USW00000209","33.6000",-97.7831,"BOWIE MUNI AP"
"182","USW00000225","30.5331",-98.3669,"HORSESHOE BAY RESORT AP"
"183","USW00000229","31.1061",-98.1961,"LAMPASAS AP"
"184","USW00000230","30.3950",-97.5669,"AUSTIN EXECUTIVE AP"
"185","USW00000263","29.7239",-98.695,"BOERNE STAGE FIELD AP"
"186","USW00000270","28.2089",-100.0189,"FAITH RCH AP"
"187","USW00000349","32.3311",-102.53,"ANDREWS COUNTY AP"
"188","USW00000351","30.8789",-96.9711,"CAMERON MUNI AP"
"189","USW00000357","31.6661",-98.1489,"HAMILTON MUNI AP"
"190","USW00000362","31.4169",-97.8,"GATESVILLE MUNI AP"
"191","USW00000373","33.6169",-92.7669,"HARRELL FIELD AP"
"192","USW00000393","65.2331",-166.35,"TELLER AP"
"193","USW00000428","34.0997",-93.0661,"DEXTER B FLORENCE MEM FLD AP"
"194","USW00000448","32.9306",-96.4356,"RALPH M HALL ROCKWALL MUNI AP"
"195","USW00000461","31.6411",-96.5144,"MEXIA LIMESTONE COUNTY AP"
"196","USW00000471","29.6342",-104.3614,"PRESIDIO LELY INTL AP"
"197","USW00000477","29.5292",-97.4642,"ROGER M DREYER MEM AP"
"198","USW00000490","66.8881",-157.1625,"SHUNGNAK AP"
"199","USW00003012","36.4500",-105.6667,"TAOS MUNI AP"
"200","USW00003013","38.0717",-102.6875,"LAMAR MUNI AP"
"201","USW00003016","39.5278",-107.7197,"RIFLE GARFIELD CO AP"
"202","USW00003017","39.8467",-104.6561,"DENVER INTL AP"
"203","USW00003024","35.6950",-101.3956,"BORGER HUTCHINSON CO AP"
"204","USW00003026","39.2414",-102.2819,"BURLINGTON CARSON AP"
"205","USW00003029","35.6569",-109.0603,"WINDOW ROCK AP"
"206","USW00003030","36.6819",-101.5053,"GUYMON MUNI AP"
"207","USW00003032","30.0481",-102.2128,"DRYDEN TERRELL CO AP"
"208","USW00003035","32.8525",-104.4675,"ARTESIA MUNI AP"
"209","USW00003044","32.2125",-101.5214,"BIG SPRING WRINKLE AP"
"210","USW00003049","30.3833",-103.6833,"ALPINE CASPARIS AP"
"211","USW00003050","32.6933",-100.9506,"SNYDER WINSTON FLD AP"
"212","USW00003056","32.6753",-102.6544,"GAINES CO AP"
"213","USW00003058","31.3825",-103.5108,"PECOS MUNI AP"
"214","USW00003102","34.0531",-117.5769,"ONTARIO INTL AP"
"215","USW00003103","35.1442",-111.6664,"FLAGSTAFF AP"
"216","USW00003104","33.6317",-116.1642,"DESERT RESORTS RGNL AP"
"217","USW00003122","33.8017",-118.3411,"TORRANCE AP"
"218","USW00003144","32.8347",-115.5767,"IMPERIAL CO AP"
"219","USW00003160","36.6206",-116.0278,"DESERT ROCK AP"
"220","USW00003162","36.9211",-111.4486,"PAGE MUNI AP"
"221","USW00003166","33.8717",-117.9855,"FULLERTON MUNI AP"
"222","USW00003167","33.9236",-118.3328,"HAWTHORNE MUNI AP"
"223","USW00003170","39.6014",-116.0056,"EUREKA AP"
"224","USW00003171","33.9528",-117.4353,"RIVERSIDE MUNI AP"
"225","USW00003177","33.1300",-117.2764,"CARLSBAD MCCLELLAN PALOMAR AP"
"226","USW00003179","33.9756",-117.625,"CHINO AP"
"227","USW00003184","33.6903",-112.0661,"PHOENIX DEER VALLEY MUNI AP"
"228","USW00003192","33.6122",-111.923,"SCOTTSDALE MUNI AP"
"229","USW00003195","35.9458",-112.1553,"GRAND CANYON NP AP"
"230","USW00003196","31.4208",-110.8467,"NOGALES INTL AP"
"231","USW00003802","39.3022",-80.2239,"CLARKSBURG BENEDUM AP"
"232","USW00003804","39.3394",-81.4439,"PARKERSBURG AP"
"233","USW00003809","36.0003",-89.4094,"DYERSBURG MUNI AP"
"234","USW00003810","35.7419",-81.3822,"HICKORY FAA AP"
"235","USW00003811","35.5933",-88.9169,"JACKSON MCKELLAR- SIPES AP"
"236","USW00003812","35.4317",-82.5378,"ASHEVILLE AP"
"237","USW00003813","32.6889",-83.6531,"MACON MIDDLE GA RGNL AP"
"238","USW00003814","36.9667",-84.1333,"CORBIN CAA AP"
"239","USW00003817","36.6000",-89.9833,"MALDEN FAA AP"
"240","USW00003818","30.8369",-85.1836,"MARIANNA MUNI AP"
"241","USW00003820","33.3653",-81.9636,"AUGUSTA BUSH FLD AP"
"242","USW00003822","32.1314",-81.2022,"SAVANNAH INTL AP"
"243","USW00003838","38.9833",-89.1667,"VANDALIA FAA AP"
"244","USW00003847","35.9508",-85.0814,"CROSSVILLE MEM AP"
"245","USW00003849","37.0894",-84.0689,"LONDON CORBIN AP"
"246","USW00003856","34.6442",-86.7861,"HUNTSVILLE INTNL AP"
"247","USW00003859","37.2978",-81.2036,"BLUEFIELD MERCER CO AP"
"248","USW00003860","38.3653",-82.5547,"HUNTINGTON TRI-STATE AP"
"249","USW00003868","39.4428",-87.3219,"TERRE HAUTE HULMAN RGNL AP"
"250","USW00003872","37.7836",-81.1228,"BECKLEY RALEIGH CO AP"
"251","USW00003878","31.8575",-86.0103,"TROY MUNI AP"
"252","USW00003882","30.2119",-85.6828,"PANAMA CITY BAY CO AP"
"253","USW00003887","39.8308",-88.8719,"DECATUR AP"
"254","USW00003888","33.7775",-84.5247,"ATLANTA FULTON CO AP"
"255","USW00003892","32.6161",-85.4333,"AUBURN OPELIKA AP"
"256","USW00003893","39.1431",-86.6167,"BLOOMINGTON MONROE CO AP"
"257","USW00003894","36.6169",-87.4117,"CLARKSVILLE OUTLAW AP"
"258","USW00003896","33.9667",-86.0833,"GADSDEN MUNI AP"
"259","USW00003901","32.3908",-94.7139,"LONGVIEW E TX RGNL AP"
"260","USW00003918","36.2908",-92.59,"FLIPPIN MARION CO RGNL AP"
"261","USW00003919","38.7800",-97.6444,"SALINA MUNI AP"
"262","USW00003927","32.8975",-97.0219,"DAL-FTW WSCMO AP"
"263","USW00003929","38.8439",-94.5603,"KANSAS CITY R GEBAUR AP"
"264","USW00003932","35.3567",-99.2042,"CLINTON-SHERMAN AP"
"265","USW00003935","37.2256",-89.5786,"CAPE GIRARDEAU MUNI AP"
"266","USW00003938","37.7500",-92.15,"WAYNESVILLE REGNL AP"
"267","USW00003940","32.3197",-90.0778,"JACKSON INTL AP"
"268","USW00003945","38.8169",-92.2147,"COLUMBIA RGNL AP"
"269","USW00003947","39.2975",-94.7308,"KANSAS CITY INTL AP"
"270","USW00003950","34.5578",-98.4172,"LAWTON MUNI AP"
"271","USW00003953","35.8356",-90.6442,"JONESBORO MUNI AP"
"272","USW00003954","35.5411",-97.6472,"OKLAHOMA CITY WILEY POST AP"
"273","USW00003959","36.7664",-96.0131,"BARTLESVILLE MUNI AP"
"274","USW00003960","38.5639",-90.1486,"CAHOKIA ST LOUIS DWTN AP"
"275","USW00003961","31.6167",-91.2833,"NATCHEZ ADAM CO AP"
"276","USW00003963","38.5944",-92.1567,"JEFFERSON CITY MEM AP"
"277","USW00003965","36.1625",-97.0894,"STILLWATER RGNL AP"
"278","USW00003966","38.6575",-90.6558,"ST LOUIS SPIRIT OF ST LOUIS AP"
"279","USW00003967","38.8500",-94.7394,"OLATHE JOHNSON CO EXECUTIVE AP"
"280","USW00003971","32.6781",-96.8678,"DALLAS REDBIRD AP"
"281","USW00003975","36.7697",-90.3225,"POPLAR BLUFF MUNI AP"
"282","USW00003978","36.3500",-94.2167,"BENTONVILLE MUNI AP"
"283","USW00003985","32.5650",-97.3081,"FORT WORTH SPINKS AP"
"284","USW00003991","33.2089",-97.1992,"DENTON MUNICPAL AP"
"285","USW00003994","38.7119",-93.1747,"SEDALIA MEM AP"
"286","USW00003996","32.3481",-91.03,"TALLULAH VICKSBURG RGNL AP"
"287","USW00003998","37.3281",-95.5044,"PARSONS TRI CITY AP"
"288","USW00003999","30.7406",-98.2353,"BURNET MUNI AP"
"289","USW00004110","42.7272",-114.4547,"JEROME CO AP"
"290","USW00004113","45.8258",-119.2611,"HERMISTON MUNI AP"
"291","USW00004114","44.5231",-114.2161,"CHALLIS AP"
"292","USW00004201","45.7692",-122.8636,"SCAPPOOSE IND AP"
"293","USW00004205","48.1606",-122.1589,"ARLINGTON MUNI AP"
"294","USW00004724","43.1083",-78.9381,"NIAGARA FALLS INTL AP"
"295","USW00004726","40.3150",-78.8308,"JOHNSTOWN CAMBRIA CO AP"
"296","USW00004742","44.6500",-73.4667,"PLATTSBURGH INTL AP"
"297","USW00004751","41.7983",-78.6356,"BRADFORD RGNL AP"
"298","USW00004780","42.5550",-71.7569,"FITCHBURG MUNI AP"
"299","USW00004781","40.7939",-73.1019,"ISLIP-LI MACARTHUR AP"
"300","USW00004787","41.1794",-78.8933,"DUBOIS RGNL AP"
"301","USW00004789","41.5092",-74.2644,"MONTGOMERY ORANGE CO AP"
"302","USW00004803","45.6314",-89.4825,"RHINELANDER ONEIDA CO AP"
"303","USW00004804","40.0783",-83.0783,"COLUMBUS OHIO STATE UNIV AP"
"304","USW00004808","41.7714",-88.4814,"CHICAGO AURORA MUNI AP"
"305","USW00004824","44.8500",-87.4167,"STURGEON BAY AP"
"306","USW00004825","44.2667",-88.5167,"APPLETON OUTAGAMIE AP"
"307","USW00004827","40.1333",-80.2833,"WASHINGTON CO AP"
"308","USW00004836","47.2853",-68.3072,"FRENCHVILLE NTHRN AROOSTOOK AP"
"309","USW00004838","42.1208",-87.9047,"CHICAGO PALWAUKEE AP"
"310","USW00004839","42.7464",-86.0967,"HOLLAND TULIP CITY AP"
"311","USW00004840","43.7694",-88.4908,"FOND DU LAC CO AP"
"312","USW00004841","43.7747",-87.8492,"SHEBOYGAN CO MEM AP"
"313","USW00004842","40.8733",-81.8886,"WOOSTER WAYNE CO AP"
"314","USW00004843","41.6258",-80.2122,"MEADVILLE PORT MEADVILLE AP"
"315","USW00004845","42.5953",-87.9383,"KENOSHA RGNL AP"
"316","USW00004846","41.4536",-86.9981,"VALPARAISO PORTER CO MUNI AP"
"317","USW00004847","41.8678",-84.0794,"ADRIAN LENAWEE CO AP"
"318","USW00004849","41.3464",-82.1789,"ELYRIA LORAIN CO AP"
"319","USW00004850","40.7081",-84.0214,"LIMA ALLEN CO AP"
"320","USW00004851","41.3358",-84.4286,"DEFIANCE AP"
"321","USW00004853","41.5256",-81.6692,"CLEVELAND BURKE LAKEFRONT AP"
"322","USW00004854","45.0167",-84.6894,"GAYLORD OTSEGO CO AP"
"323","USW00004855","40.6158",-83.0672,"MARION MUNI AP"
"324","USW00004857","41.7794",-80.6969,"ASHTABULA CO AP"
"325","USW00004858","40.0264",-82.4633,"NEWARK HEATH AP"
"326","USW00004864","45.1542",-89.1106,"ANTIGO LANGLADE CO AP"
"327","USW00004869","46.2500",-84.4667,"CHIPPEWA INTL AP"
"328","USW00004891","45.1992",-89.7114,"MERRILL MUNI AP"
"329","USW00004895","44.5500",-89.5333,"STEVENS POINT MUNI AP"
"330","USW00004901","40.8931",-97.9972,"AURORA MUNI AP"
"331","USW00004902","43.6647",-92.9333,"AUSTIN MUNI AP"
"332","USW00004916","43.2753",-91.7392,"DECORAH MUNI AP"
"333","USW00004927","43.6767",-92.1797,"PRESTONE FILLMORE AP"
"334","USW00004935","40.4500",-99.3392,"HOLDREGE BREWSTER FLD AP"
"335","USW00004955","42.6808",-91.9744,"OELWEIN MUNI AP"
"336","USW00004956","44.0769",-91.7081,"WINONA MUNI AP"
"337","USW00004963","43.0192",-91.1236,"PRAIRIE DU CHIEN AP"
"338","USW00004967","44.5892",-92.4847,"RED WING RGNL AP"
"339","USW00004978","44.0178",-92.8314,"DODGE CTR AP"
"340","USW00004998","40.1492",-97.5867,"HEBRON MUNI AP"
"341","USW00012809","27.9500",-81.7833,"BARTOW MUNI AP"
"342","USW00012812","26.9183",-81.9939,"PUNTA GORDA CHARLOTTE CO AP"
"343","USW00012815","28.4183",-81.3242,"ORLANDO INTL AP"
"344","USW00012816","29.6917",-82.2761,"GAINESVILLE RGNL AP"
"345","USW00012818","28.4739",-82.4536,"BROOKSVILLE HERNANDO CO AP"
"346","USW00012819","28.8214",-81.8097,"LEESBURG MUNI AP"
"347","USW00012832","29.7269",-85.0247,"APALACHICOLA AP"
"348","USW00012833","29.6333",-83.1053,"CROSS CITY AP"
"349","USW00012834","29.1736",-81.0719,"DAYTONA BEACH INTL AP"
"350","USW00012835","26.5850",-81.8614,"FT MYERS PAGE FLD AP"
"351","USW00012836","24.5569",-81.7553,"KEY W INTL AP"
"352","USW00012838","28.0997",-80.6356,"MELBOURNE INTL AP"
"353","USW00012839","25.7881",-80.3169,"MIAMI INTL AP"
"354","USW00012841","28.5467",-81.3356,"ORLANDO EXECUTIVE AP"
"355","USW00012842","27.9633",-82.54,"TAMPA INTL AP"
"356","USW00012843","27.6553",-80.4142,"VERO BEACH INTL AP"
"357","USW00012844","26.6850",-80.0992,"W PALM BEACH INTL AP"
"358","USW00012849","26.0789",-80.1622,"FT LAUDERDALE INTL AP"
"359","USW00012854","28.7794",-81.2436,"ORLANDO SANFORD AP"
"360","USW00012871","27.4014",-82.5586,"SARASOTA BRADENTON AP"
"361","USW00012873","27.9125",-82.6856,"ST PETERSBURG CLEARWATER INTL"
"362","USW00012876","28.0614",-81.7569,"WINTER HAVEN GILBERT AP"
"363","USW00012882","25.9103",-80.2828,"MIAMI OPA LOCKA AP"
"364","USW00012883","28.0000",-82.05,"LAKELAND LINDER RGNL AP"
"365","USW00012885","26.1992",-80.1778,"FT LAUDERDALE EXECUTIVE AP"
"366","USW00012888","25.6422",-80.4347,"MIAMI KENDALL TAMIAMI EXEC AP"
"367","USW00012894","26.5381",-81.7567,"FT MYERS SW FLORIDA RGNL AP"
"368","USW00012895","27.4981",-80.3764,"FT PIERCE ST LUCIE CO INTL AP"
"369","USW00012896","24.7261",-81.0478,"MARATHON AP"
"370","USW00012897","26.1550",-81.7753,"NAPLES MUNI AP"
"371","USW00012904","26.2303",-97.6556,"HARLINGEN RIO GRANDE VLY INTL"
"372","USW00012907","27.5333",-99.4667,"LAREDO INTL AP"
"373","USW00012912","28.8625",-96.93,"VICTORIA RGNL AP"
"374","USW00012916","29.9975",-90.2778,"NEW ORLEANS AP"
"375","USW00012917","29.9519",-94.0261,"PORT ARTHUR SE TX RGNL AP"
"376","USW00012918","29.6458",-95.2822,"HOUSTON WILLIAM P HOBBY AP"
"377","USW00012920","27.5333",-99.4667,"LAREDO WB AP"
"378","USW00012921","29.5442",-98.4839,"SAN ANTONIO INTL AP"
"379","USW00012922","28.7833",-97.0833,"VICTORIA WB AP"
"380","USW00012927","29.5664",-90.6603,"HOUMA TERREBONNE AP"
"381","USW00012932","27.7414",-98.025,"ALICE INTL AP"
"382","USW00012935","28.7247",-96.2536,"PALACIOS MUNI AP"
"383","USW00012947","28.4586",-99.2228,"COTULLA LA SALLE CO AP"
"384","USW00012953","29.2661",-96.0075,"WHARTON RGNL AP"
"385","USW00012957","26.1597",-97.3378,"PORT ISABEL CAMERON CO AP"
"386","USW00012959","26.1792",-98.2444,"MCALLEN MILLER INTL AP"
"387","USW00012960","29.9844",-95.3608,"HOUSTON INTERCONTINENTAL AP"
"388","USW00012961","29.9833",-99.0833,"KERRVILLE MUNI AP"
"389","USW00012962","29.3600",-99.1742,"HONDO MUNI AP"
"390","USW00012970","29.3389",-98.4719,"SAN ANTONIO STINSON MUNI AP"
"391","USW00012972","28.0836",-97.0467,"ROCKPORT ARANSAS CO AP"
"392","USW00012978","29.9078",-96.95,"FAYETTE RGNL AP"
"393","USW00012979","29.8908",-97.8644,"SAN MARCOS MUNI AP"
"394","USW00012981","28.9731",-95.8633,"BAY CITY MUNI AP"
"395","USW00012985","29.2114",-99.7436,"GARNER FLD AP"
"396","USW00013722","35.8922",-78.7819,"RALEIGH AP"
"397","USW00013723","36.0969",-79.9431,"GREENSBORO AP"
"398","USW00013726","37.0833",-77.95,"BLACKSTONE FAA AP"
"399","USW00013728","36.5728",-79.335,"DANVILLE RGNL AP"
"400","USW00013729","38.8900",-79.8556,"ELKINS- RANDOLPH CO AP"
"401","USW00013732","38.0667",-78.15,"GORDONSVILLE FAA AP"
"402","USW00013733","37.3214",-79.2064,"LYNCHBURG RGNL AP"
"403","USW00013734","39.4039",-77.975,"MARTINSBURG E W VIRGINIA RGNL"
"404","USW00013735","39.3661",-75.0778,"MILLVILLE MUNI AP"
"405","USW00013736","39.6497",-79.9206,"MORGANTOWN MUNI AP"
"406","USW00013737","36.9036",-76.1928,"NORFOLK INTL AP"
"407","USW00013739","39.8733",-75.2269,"PHILA INTL AP"
"408","USW00013740","37.5117",-77.3233,"RICHMOND INTL AP"
"409","USW00013741","37.3172",-79.9736,"ROANOKE-BLACKSBURG RGNL AP"
"410","USW00013743","38.8472",-77.0344,"WASHINGTON REAGAN NATL AP"
"411","USW00013744","34.1878",-79.7308,"FLORENCE RGNL AP"
"412","USW00013746","35.9667",-77.8,"ROCKY MT FAA AP"
"413","USW00013747","36.4167",-78.15,"WARRENTON WB AP"
"414","USW00013748","34.2667",-77.9,"WILMINGTON INTL AP"
"415","USW00013764","38.6897",-75.3625,"GEORGETOWN-DELAWARE COASTAL AP"
"416","USW00013766","35.9172",-75.7,"MANTEO AP"
"417","USW00013776","34.6081",-79.0589,"LUMBERTON RGNL AP"
"418","USW00013781","39.6744",-75.6056,"WILMINGTON NEW CASTLE CO AP"
"419","USW00013803","39.2667",-85.9,"COLUMBUS BAKALAR AP"
"420","USW00013809","38.7606",-87.5989,"LAWRENCEVILLE VINCENNES INTL A"
"421","USW00013827","36.0089",-86.52,"SMYRNA AP"
"422","USW00013833","31.2694",-89.2561,"HATTIESBURG CHAIN MUNI AP"
"423","USW00013837","33.4667",-82.0383,"AUGUSTA DANIEL FLD AP"
"424","USW00013838","30.6147",-88.0631,"MOBILE DWTN AP"
"425","USW00013839","31.3178",-85.4433,"DOTHAN RGNL AP"
"426","USW00013866","38.3794",-81.5911,"CHARLESTON - YEAGER AP"
"427","USW00013868","37.0833",-80.7833,"PULASKI FAA AP"
"428","USW00013869","31.5364",-84.1958,"ALBANY SW GEORGIA RGNL AP"
"429","USW00013870","31.5400",-82.5072,"ALMA BACON CO AP"
"430","USW00013871","33.5906",-85.8478,"ANNISTON METRO AP"
"431","USW00013873","33.9478",-83.3272,"ATHENS BEN EPPS AP"
"432","USW00013874","33.6297",-84.4422,"ATLANTA HARTSFIELD-JACKSON INT"
"433","USW00013876","33.5656",-86.745,"BIRMINGHAM AP"
"434","USW00013877","36.4797",-82.3989,"BRISTOL AP"
"435","USW00013878","31.1528",-81.3906,"BRUNSWICK-MCKINNON AP"
"436","USW00013880","32.8994",-80.0408,"CHARLESTON INTL AP"
"437","USW00013881","35.2225",-80.9544,"CHARLOTTE DOUGLAS AP"
"438","USW00013882","35.0336",-85.2003,"CHATTANOOGA AP"
"439","USW00013884","30.7772",-86.5194,"CRESTVIEW FAA/AP"
"440","USW00013885","31.4167",-87.0333,"EVERGREEN FAA AP"
"441","USW00013886","34.8486",-82.35,"GREENVILLE DWTN AP"
"442","USW00013891","35.8181",-83.9858,"KNOXVILLE AP"
"443","USW00013893","35.0564",-89.9864,"MEMPHIS INTL AP"
"444","USW00013895","32.2997",-86.4075,"MONTGOMERY AP"
"445","USW00013896","34.7439",-87.5997,"MUSCLE SHOALS AP"
"446","USW00013897","36.1106",-86.6881,"NASHVILLE INTL AP"
"447","USW00013899","30.4761",-87.1858,"PENSACOLA RGNL AP"
"448","USW00013904","30.1831",-97.68,"AUSTIN BERGSTROM INTL AP"
"449","USW00013905","30.6333",-96.4667,"BRYAN CAA AP"
"450","USW00013922","38.8000",-97.65,"SALINA FAA AP"
"451","USW00013925","34.6003",-91.5744,"STUTTGART MUNI AP"
"452","USW00013926","33.0678",-96.0653,"GREENVILLE MUNI AP MAJORS FLD"
"453","USW00013932","37.1650",-97.035,"WINFIELD STROTHER FLD AP"
"454","USW00013940","38.3500",-98.8667,"GREAT BEND MUNI AP"
"455","USW00013942","32.5156",-92.03,"MONROE RGNL AP"
"456","USW00013959","31.6181",-97.2283,"WACO RGNL AP"
"457","USW00013960","32.8383",-96.8358,"DALLAS FAA AP"
"458","USW00013962","32.4106",-99.6819,"ABILENE RGNL AP"
"459","USW00013963","34.7272",-92.2358,"LITTLE ROCK AP ADAMS FLD"
"460","USW00013964","35.3333",-94.3653,"FT SMITH RGNL AP"
"461","USW00013965","34.3000",-97.0167,"ARDMORE FAA AP"
"462","USW00013966","33.9786",-98.493,"WICHITA FALLS MUNI AP"
"463","USW00013968","36.1986",-95.8783,"TULSA INTL AP"
"464","USW00013969","36.7369",-97.1022,"PONCA CITY MUNI AP"
"465","USW00013970","30.5378",-91.1469,"BATON ROUGE METRO AP"
"466","USW00013971","36.2672",-93.1567,"HARRISON BOONE CO AP"
"467","USW00013973","30.5106",-99.7664,"JUNCTION KIMBLE CO AP"
"468","USW00013975","36.2967",-99.7686,"GAGE AP"
"469","USW00013976","30.1986",-91.9894,"LAFAYETTE RGNL AP"
"470","USW00013978","33.4961",-90.0894,"GREENWOOD LEFLORE AP"
"471","USW00013979","32.4000",-90.7833,"VICKSBURG CAA AP"
"472","USW00013981","37.6706",-95.4847,"CHANUTE MARTIN JOHNSON AP"
"473","USW00013983","38.9667",-92.3667,"COLUMBIA WSO AP"
"474","USW00013986","38.0683",-97.8608,"HUTCHINSON MUNI AP"
"475","USW00013987","37.1522",-94.4953,"JOPLIN RGNL AP"
"476","USW00013988","39.1278",-94.5892,"KANSAS CITY DWTN AP"
"477","USW00013990","38.4333",-95.8,"LEBO CAA AP"
"478","USW00013993","39.7683",-94.9094,"ST JOSEPH ROSECRANS MEM AP"
"479","USW00013994","38.7525",-90.3733,"ST LOUIS LAMBERT INTL AP"
"480","USW00013997","38.1317",-91.7647,"VICHY ROLLA NATL AP"
"481","USW00014604","46.6833",-68.05,"PRESQUE ISLE AP"
"482","USW00014605","44.3161",-69.7969,"AUGUSTA STATE AP"
"483","USW00014606","44.7978",-68.8186,"BANGOR INTL AP"
"484","USW00014609","46.1183",-67.7928,"HOULTON AP"
"485","USW00014610","45.6478",-68.6925,"MILLINOCKET MUNI AP"
"486","USW00014615","44.5333",-69.6667,"WATERVILLE LEFLEUR AP"
"487","USW00014622","44.9500",-68.6667,"OLD TOWN FAA AP"
"488","USW00014707","41.3281",-72.0489,"GROTON NEW LONDON AP"
"489","USW00014710","42.9297",-71.4356,"MANCHESTER AP"
"490","USW00014711","40.1961",-76.7725,"MIDDLETOWN HARRISBURG INTL AP"
"491","USW00014712","40.3733",-75.9592,"READING RGNL AP"
"492","USW00014719","40.8506",-72.6192,"WESTHAMPTON GABRESKI AP"
"493","USW00014732","40.7794",-73.8803,"LAGUARDIA AP"
"494","USW00014734","40.6828",-74.1692,"NEWARK LIBERTY INTL AP"
"495","USW00014735","42.7472",-73.7992,"ALBANY INTL AP"
"496","USW00014736","40.3000",-78.3167,"ALTOONA BLAIR CO AP"
"497","USW00014737","40.6497",-75.4478,"ALLENTOWN LEHIGH VLY INTL AP"
"498","USW00014738","42.0833",-76.1,"BINGHAMTON WB AP"
"499","USW00014740","41.9375",-72.6819,"HARTFORD-BRADLEY INTL AP"
"500","USW00014741","41.1500",-79.1,"BROOKVILLE FAA AP"
"501","USW00014742","44.4683",-73.15,"BURLINGTON INTL AP"
"502","USW00014746","41.0500",-78.5833,"CURWENSVILLE WB AP"
"503","USW00014747","42.4933",-79.2761,"DUNKIRK CHAUTAUQUA CO AP"
"504","USW00014748","42.1567",-76.9028,"ELMIRA CORNING RGNL AP"
"505","USW00014749","42.9667",-74.6667,"FT PLAIN WB AP"
"506","USW00014750","43.3386",-73.6103,"GLENS FALLS AP"
"507","USW00014751","40.2183",-76.8553,"HARRISBURG CAPITAL CITY AP"
"508","USW00014754","41.1386",-75.2225,"TOBYHANNA POCONO MTN AP"
"509","USW00014756","41.2542",-70.0589,"NANTUCKET MEM AP"
"510","USW00014757","41.6258",-73.8817,"POUGHKEEPSIE AP"
"511","USW00014758","41.2589",-72.8892,"NEW HAVEN TWEED AP"
"512","USW00014762","40.3550",-79.9214,"PITTSBURGH ALLEGHENY CO AP"
"513","USW00014763","42.4269",-73.2892,"PITTSFIELD MUNI AP"
"514","USW00014768","43.1172",-77.6753,"ROCHESTER GTR INTL"
"515","USW00014770","40.8192",-76.8658,"SELINSGROVE PENN VALLEY AP"
"516","USW00014771","43.1111",-76.1039,"SYRACUSE HANCOCK INTL AP"
"517","USW00014774","43.1667",-75.3167,"UTICA AP"
"518","USW00014775","42.1600",-72.7125,"WESTFIELD BARNES MUNI AP"
"519","USW00014776","43.6333",-72.3167,"LEBANON CAA AP"
"520","USW00014777","41.3336",-75.7228,"WILKES-BARRE/SCRANTON INTL AP"
"521","USW00014778","41.2431",-76.9217,"WILLIAMSPORT RGNL AP"
"522","USW00014780","40.0333",-74.3167,"LAKEHURST AP"
"523","USW00014787","41.5300",-71.2833,"NEWPORT STATE AP"
"524","USW00014792","40.2769",-74.8158,"TRENTON-MERCER AP"
"525","USW00014794","41.3508",-71.8056,"WESTERLY STATE AP"
"526","USW00014808","44.4500",-83.4,"OSCODA WURTSMITH AP"
"527","USW00014812","41.2833",-80.2,"MERCER WB AP"
"528","USW00014813","41.0372",-81.4633,"AKRON FULTON INTL AP"
"529","USW00014815","42.3119",-85.2414,"BATTLE CREEK KELLOGG AP"
"530","USW00014816","41.2333",-89.6167,"BRADFORD FAA AP"
"531","USW00014819","41.7842",-87.7553,"CHICAGO MIDWAY AP"
"532","USW00014821","39.9906",-82.8769,"JOHN GLENN INTL AP"
"533","USW00014822","42.4072",-83.0089,"DETROIT CITY AP"
"534","USW00014823","40.6833",-80.6333,"EAST LIVERPOOL WB AP"
"535","USW00014825","41.0136",-83.6681,"FINDLAY AP"
"536","USW00014827","40.9725",-85.2064,"FT WAYNE INTL AP"
"537","USW00014829","41.5264",-85.7872,"GOSHEN MUNI AP"
"538","USW00014830","42.9000",-85.6667,"GRAND RAPIDS WB AP"
"539","USW00014835","40.4122",-86.9475,"LAFAYETTE PURDUE UNIV AP"
"540","USW00014836","42.7761",-84.5997,"LANSING CAPITAL CITY AP"
"541","USW00014837","43.1406",-89.3453,"MADISON DANE CO RGNL AP"
"542","USW00014839","42.9550",-87.9044,"MILWAUKEE MITCHELL AP"
"543","USW00014840","43.1711",-86.2369,"MUSKEGON CO AP"
"544","USW00014841","45.5644",-84.7928,"PELLSTON RGNL AP"
"545","USW00014842","40.6675",-89.6842,"GENERAL WAYNE A DOWNING INTL A"
"546","USW00014843","41.7833",-81.1,"PERRY CAA AP"
"547","USW00014844","42.3500",-89.05,"ROCKFORD CAA AP"
"548","USW00014845","43.5281",-84.0814,"SAGINAW MBS INTL AP"
"549","USW00014848","41.7072",-86.3164,"S BEND AP"
"550","USW00014849","41.5667",-83.4667,"TOLEDO WB AP"
"551","USW00014850","44.7389",-85.5678,"TRAVERSE CY CHERRY CAPITAL AP"
"552","USW00014852","41.2547",-80.6736,"YOUNGSTOWN-WARREN RGNL AP"
"553","USW00014853","42.2367",-83.5264,"DETROIT WILLOW RUN AP"
"554","USW00014858","47.1658",-88.4808,"HANCOCK HOUGHTON CO AP"
"555","USW00014860","42.0803",-80.1822,"ERIE INTL AP"
"556","USW00014880","42.4256",-87.8633,"CHICAGO WAUKEGAN RGNL AP"
"557","USW00014891","40.8203",-82.5178,"MANSFIELD LAHM RGNL AP"
"558","USW00014894","40.1700",-80.6442,"WHEELING OHIO CO AP"
"559","USW00014895","40.9181",-81.4433,"AKRON CANTON AP"
"560","USW00014905","40.7333",-99,"KEARNEY MUNI AP"
"561","USW00014914","46.9242",-96.812,"FARGO HECTOR INTL AP"
"562","USW00014916","47.9428",-97.1831,"GRAND FORKS INTL AP"
"563","USW00014918","48.5594",-93.3956,"INTL FALLS INTL AP"
"564","USW00014919","46.9258",-98.6703,"JAMESTOWN MUNI AP"
"565","USW00014920","43.8792",-91.2531,"LA CROSSE MUNI AP"
"566","USW00014921","43.2111",-90.1875,"LONE ROCK TRI CO AP"
"567","USW00014922","44.8853",-93.2314,"MINNEAPOLIS-ST PAUL INTL AP"
"568","USW00014923","41.4481",-90.5236,"MOLINE QUAD CITY INTL AP"
"569","USW00014925","43.9039",-92.4919,"ROCHESTER INTL AP"
"570","USW00014926","45.5442",-94.0517,"ST CLOUD RGNL AP"
"571","USW00014927","44.9322",-93.0558,"ST PAUL DWTN AP"
"572","USW00014928","45.1167",-95.0833,"WILLMAR AP"
"573","USW00014930","41.4500",-95.0667,"ATLANTIC CAA AP"
"574","USW00014931","40.7728",-91.1256,"BURLINGTON MUNI AP"
"575","USW00014933","41.5339",-93.6531,"DES MOINES INTL AP"
"576","USW00014935","40.9614",-98.3131,"GRAND IS CNTRL NE RGNL AP"
"577","USW00014936","44.3792",-98.2228,"HURON RGNL AP"
"578","USW00014937","41.6394",-91.5444,"IOWA CITY MUNI AP"
"579","USW00014938","40.0967",-92.5469,"KIRKSVILLE RGNL AP"
"580","USW00014939","40.8478",-96.7647,"LINCOLN AP"
"581","USW00014940","43.1544",-93.3261,"MASON CITY MUNI AP"
"582","USW00014941","41.9800",-97.4336,"NORFOLK KARL STEFAN MEM AP"
"583","USW00014943","42.3917",-96.3794,"SIOUX CITY AP"
"584","USW00014946","44.9044",-97.1494,"WATERTOWN RGNL AP"
"585","USW00014950","41.1008",-92.4444,"OTTUMWA IND AP"
"586","USW00014954","44.2167",-93.9167,"MANKATO MUNI AP"
"587","USW00014966","43.0725",-92.6108,"NE IOWA RGNL AP"
"588","USW00014972","43.1683",-95.21,"SPENCER MUNI AP"
"589","USW00014990","41.8831",-91.7247,"CEDAR RAPIDS MUNI AP"
"590","USW00014991","44.8667",-91.4881,"CHIPPEWA VALLEY RGNL AP"
"591","USW00014992","44.5483",-95.0806,"REDWOOD FALLS MUNI AP"
"592","USW00021504","19.7192",-155.0489,"HILO INTL AP 87"
"593","USW00021510","19.7378",-156.0481,"KAILUA KONA KE-AHOLE AP"
"594","USW00022010","29.3783",-100.9269,"DEL RIO INTL AP"
"595","USW00022516","20.8886",-156.4344,"KAHULUI AP"
"596","USW00022521","21.3239",-157.9394,"HONOLULU INTL AP"
"597","USW00022534","21.1544",-157.0961,"MOLOKAI KAUNAKAKAI MOLOKAI AP"
"598","USW00022536","21.9806",-159.3386,"LIHUE WSO AP 1020.1"
"599","USW00022551","21.3056",-158.0658,"EWA KALAELOA AP"
"600","USW00023007","34.4275",-100.2839,"CHILDRESS MUNI AP"
"601","USW00023009","33.3072",-104.5081,"ROSWELL IND AIR PK"
"602","USW00023020","37.0500",-100.9667,"LIBERAL MUNI AP"
"603","USW00023040","31.7800",-103.2017,"WINK FAA AP"
"604","USW00023043","33.4000",-104.5333,"ROSWELL MUNI AP"
"605","USW00023044","31.8122",-106.3775,"EL PASO INTL AP"
"606","USW00023045","31.9333",-108.9833,"RODEO CAA AP"
"607","USW00023046","33.2333",-107.0167,"ENGLE CAA AP"
"608","USW00023048","35.1806",-103.6014,"TUCUMCARI MUNI AP"
"609","USW00023049","35.6108",-106.0958,"SANTA FE CO MUNI AP"
"610","USW00023050","35.0419",-106.6156,"ALBUQUERQUE INTL AP"
"611","USW00023051","36.4483",-103.1536,"CLAYTON MUNI AIR PK"
"612","USW00023052","36.7417",-104.5078,"RATON MUNI CREWS FLD AP"
"613","USW00023053","35.5333",-100.9667,"PAMPA WB AP"
"614","USW00023054","35.6558",-105.1386,"LAS VEGAS MUNI AP"
"615","USW00023056","35.0833",-106.0167,"OTTO FAA AP"
"616","USW00023057","35.0500",-107.7167,"ACOMITA CAA AP"
"617","USW00023059","31.7500",-105.0833,"SALT FLAT CAA AP"
"618","USW00023060","35.0167",-108.4,"EL MORRO CAA AP"
"619","USW00023063","39.6500",-106.9167,"EAGLE FAA AP"
"620","USW00023064","37.9219",-100.7242,"GARDEN CITY RGNL AP"
"621","USW00023067","38.0494",-103.5133,"LA JUNTA MUNI AP"
"622","USW00023070","37.2622",-104.3319,"TRINIDAD AP"
"623","USW00023077","34.4333",-103.0833,"CLOVIS MUNICIPAL AP"
"624","USW00023078","32.2592",-107.7206,"DEMING MUNI AP"
"625","USW00023081","35.5086",-108.7931,"GALLUP MUNI AP"
"626","USW00023090","36.7436",-108.2294,"FARMINGTON FOUR CORNERS RGNL A"
"627","USW00023091","30.9119",-102.9172,"FT STOCKTON PECOS CO AP"
"628","USW00023129","33.8117",-118.1472,"LONG BEACH DAUGHERTY AP"
"629","USW00023130","34.2122",-118.4914,"VAN NUYS AP"
"630","USW00023131","34.5833",-117.3833,"VICTORVILLE SO CA AP"
"631","USW00023136","34.2114",-119.0875,"CAMARILLO AP"
"632","USW00023152","34.1997",-118.3656,"BURBANK GLENDALE PASADENA AP"
"633","USW00023153","38.0506",-117.0906,"TONOPAH AP"
"634","USW00023154","39.2953",-114.8467,"ELY AP"
"635","USW00023155","35.4342",-119.0553,"BAKERSFIELD AP"
"636","USW00023157","37.3711",-118.3589,"BISHOP AP"
"637","USW00023159","37.7014",-112.1489,"BRYCE CANYON AP"
"638","USW00023160","32.1317",-110.9564,"TUCSON INTL AP"
"639","USW00023161","34.8536",-116.7869,"BARSTOW-DAGGETT AP"
"640","USW00023169","36.0719",-115.1633,"MCCARRAN INTL AP"
"641","USW00023173","36.2333",-115.0333,"LAS VEGAS WB AP"
"642","USW00023174","33.9381",-118.3867,"LOS ANGELES INTL AP"
"643","USW00023176","38.4225",-113.0108,"MILFORD MUNI AP"
"644","USW00023178","32.8667",-116.4167,"MT LAGUNA CAA AP"
"645","USW00023179","34.7678",-114.6183,"NEEDLES AP"
"646","USW00023180","34.4000",-118.55,"NEWHALL AP"
"647","USW00023181","33.2333",-117.4167,"OCEANSIDE CAA AP"
"648","USW00023182","34.6294",-118.0831,"PALMDALE AP"
"649","USW00023183","33.4278",-112.0036,"PHOENIX AP"
"650","USW00023185","39.5078",-119.7683,"RENO AP"
"651","USW00023186","37.1000",-113.6,"ST GEORGE MUNI AP"
"652","USW00023188","32.7336",-117.1831,"SAN DIEGO INTL AP"
"653","USW00023190","34.4242",-119.8425,"SANTA BARBARA MUNI AP"
"654","USW00023191","33.4042",-118.4144,"AVALON CATALINA AP"
"655","USW00023192","35.3333",-116.0833,"SILVER LAKE CAA AP"
"656","USW00023194","35.0281",-110.7219,"WINSLOW AP"
"657","USW00023195","32.6667",-114.6,"YUMA WSO AP"
"658","USW00023213","38.5036",-122.8111,"SANTA ROSA SONOMA CO AP"
"659","USW00023225","39.2761",-120.7092,"BLUE CANYON NYACK AP"
"660","USW00023230","37.7178",-122.2331,"OAKLAND INTL AP"
"661","USW00023232","38.5067",-121.4961,"SACRAMENTO AP ASOS"
"662","USW00023233","36.6636",-121.6092,"SALINAS AP"
"663","USW00023234","37.6197",-122.3656,"SAN FRANCISCO INTL AP"
"664","USW00023237","37.8900",-121.2264,"STOCKTON AP"
"665","USW00023238","39.1000",-122.15,"WILLIAMS CAA AP"
"666","USW00023243","34.6667",-120.4667,"LOMPOC AP"
"667","USW00023257","37.2858",-120.5178,"MERCED MUNI AP"
"668","USW00023258","37.6256",-120.955,"MODESTO AP"
"669","USW00023259","36.5903",-121.8489,"MONTEREY PENINSUL AP"
"670","USW00023273","34.8942",-120.4522,"SANTA MARIA PUBLIC AP"
"671","USW00023275","39.1278",-123.2003,"UKIAH MUNI AP"
"672","USW00023277","36.9394",-121.79,"WATSONVILLE MUNI AP"
"673","USW00023285","37.6931",-121.815,"LIVERMORE MUNI AP"
"674","USW00024013","48.2519",-101.2689,"MINOT INTL AP"
"675","USW00024015","40.1744",-103.2147,"AKRON WASHINGTON CO AP"
"676","USW00024017","42.8372",-103.0981,"CHADRON MUNI AP"
"677","USW00024019","42.7500",-105.3667,"DOUGLAS CAA AP"
"678","USW00024021","42.8153",-108.7261,"LANDER AP"
"679","USW00024022","41.3164",-105.6728,"LARAMIE AP"
"680","USW00024023","41.1219",-100.6689,"N PLATTE RGNL AP"
"681","USW00024024","44.0511",-101.6014,"PHILIP AP"
"682","USW00024025","44.3819",-100.2864,"PIERRE RGNL AP"
"683","USW00024027","41.5947",-109.0528,"ROCK SPRINGS AP"
"684","USW00024028","41.8747",-103.6011,"SCOTTSBLUFF W B HEILIG FLD AP"
"685","USW00024029","44.7603",-106.9742,"SHERIDAN AP"
"686","USW00024030","41.0992",-102.9864,"SIDNEY MUNI AP"
"687","USW00024031","41.8000",-107.05,"SINCLAIR CAA AP"
"688","USW00024032","42.8586",-100.5514,"VALENTINE MILLER FLD AP"
"689","USW00024033","45.8072",-108.5461,"BILLINGS INTL AP"
"690","USW00024036","47.0544",-109.4567,"LEWISTOWN AP"
"691","USW00024037","46.4264",-105.8833,"MILES CITY AP"
"692","USW00024044","42.0572",-102.8017,"ALLIANCE MUNI AP ASOS"
"693","USW00024046","40.4931",-107.5239,"CRAIG MOFFAT CO AP"
"694","USW00024048","44.5172",-108.0753,"GREYBULL S BIG HORN CO AP"
"695","USW00024051","40.4356",-104.6319,"GREELEY WELD CO AP"
"696","USW00024057","41.8064",-107.1953,"RAWLINS AP"
"697","USW00024062","43.9653",-107.9503,"WORLAND MUNI AP"
"698","USW00024089","42.8978",-106.4736,"CASPER-NATRONA CO AP"
"699","USW00024090","44.0458",-103.0545,"RAPID CITY RGNL AP"
"700","USW00024091","40.5106",-101.6244,"IMPERIAL MUNI AP"
"701","USW00024110","47.1931",-119.3147,"MOSES LAKE GRANT CO AP"
"702","USW00024118","41.4000",-110.4167,"FT BRIDGER AP"
"703","USW00024121","40.8239",-115.7864,"ELKO RGNL AP"
"704","USW00024122","40.3500",-112.05,"FAIRFIELD CAA AP"
"705","USW00024126","41.1942",-112.0169,"OGDEN HINKLEY AP"
"706","USW00024127","40.7706",-111.965,"SALT LAKE CITY INTL AP"
"707","USW00024128","40.9017",-117.8081,"WINNEMUCCA AP"
"708","USW00024130","44.8431",-117.81,"BAKER CITY AP"
"709","USW00024131","43.5669",-116.2406,"BOISE AIR TERMINAL"
"710","USW00024132","45.7875",-111.1614,"BOZEMAN GALLATIN FLD AP"
"711","USW00024133","42.5453",-113.7686,"BURLEY MUNI AP"
"712","USW00024135","45.9644",-112.5014,"BUTTE BERT MOONEY AP"
"713","USW00024136","47.7667",-116.8167,"COEUR D ALENE AP"
"714","USW00024137","48.6036",-112.3767,"CUT BANK AP"
"715","USW00024138","45.2583",-112.5545,"DILLON AP"
"716","USW00024141","47.3078",-119.5156,"EPHRATA AP"
"717","USW00024143","47.4733",-111.3828,"GREAT FALLS AP"
"718","USW00024144","46.6044",-111.9892,"HELENA AP ASOS"
"719","USW00024145","43.5206",-112.0675,"IDAHO FALLS FAA AP"
"720","USW00024148","45.2833",-118,"LA GRANDE MUNI AP"
"721","USW00024149","46.3744",-117.0153,"LEWISTON AP"
"722","USW00024150","45.6983",-110.4417,"LIVINGSTON AP"
"723","USW00024153","46.9208",-114.0939,"MISSOULA INTL AP"
"724","USW00024156","42.9197",-112.5722,"POCATELLO RGNL AP"
"725","USW00024157","47.6217",-117.5281,"SPOKANE INTL AP"
"726","USW00024160","46.0944",-118.2858,"WALLA WALLA RGNL AP"
"727","USW00024163","46.2694",-119.1181,"PASCO TRI CITIES AP"
"728","USW00024164","42.5781",-110.1097,"BIG PINEY MARBLETON AP"
"729","USW00024166","43.6000",-110.7333,"JACKSON HOLE AP"
"730","USW00024172","40.0683",-118.5703,"LOVELOCK DERBY FLD AP"
"731","USW00024193","40.7206",-114.0358,"WENDOVER AP AWOS"
"732","USW00024214","41.7333",-122.55,"MONTAGUE YREKA MUNI AP"
"733","USW00024216","40.1519",-122.2547,"RED BLUFF MUNI AP"
"734","USW00024217","48.7992",-122.5406,"BELLINGHAM INTL AP"
"735","USW00024219","45.6189",-121.1658,"DALLESPORT AP"
"736","USW00024222","47.9233",-122.2831,"EVERETT SNOHOMISH CO AP"
"737","USW00024223","46.1333",-122.9,"KELSO WB AP"
"738","USW00024224","42.1667",-121.7333,"KLAMATH FALLS AP"
"739","USW00024225","42.3750",-122.8769,"MEDFORD INTL AP"
"740","USW00024227","46.9736",-122.905,"OLYMPIA AP"
"741","USW00024228","48.1333",-123.4,"PORT ANGELES WB AP"
"742","USW00024229","45.5958",-122.6092,"PORTLAND INTL AP"
"743","USW00024230","44.2558",-121.1408,"REDMOND AP"
"744","USW00024231","43.2336",-123.3578,"ROSEBURG RGNL AP"
"745","USW00024232","44.9050",-123.0011,"SALEM AP (MCNARY FIELD)"
"746","USW00024233","47.4447",-122.3144,"SEATTLE TACOMA AP"
"747","USW00024241","46.4833",-122.8167,"TOLEDO FAA AP"
"748","USW00024242","45.5511",-122.4097,"PORTLAND TROUTDALE AP"
"749","USW00024243","46.5639",-120.535,"YAKIMA AP"
"750","USW00024257","40.5147",-122.2978,"REDDING AP"
"751","USW00024259","41.7736",-122.4683,"MONTAGUE SISKIYOU AP"
"752","USW00024283","40.9783",-124.1047,"ARCATA EUREKA AP"
"753","USW00024284","43.4133",-124.2436,"N BEND SW OREGON RGNL AP"
"754","USW00024286","41.7836",-124.2381,"CRESCENT CITY MCNAMARA AP"
"755","USW00025308","55.0389",-131.5786,"ANNETTE AP"
"756","USW00025309","58.3539",-134.5561,"JUNEAU AP"
"757","USW00025323","59.2428",-135.5114,"HAINES AP"
"758","USW00025325","55.3586",-131.7219,"KETCHIKAN AP"
"759","USW00025331","61.5950",-149.0917,"PALMER AP"
"760","USW00025333","57.0475",-135.3669,"SITKA AP"
"761","USW00025335","59.4539",-135.3278,"SKAGWAY AP"
"762","USW00025339","59.5122",-139.6711,"YAKUTAT AP"
"763","USW00025367","55.5819",-133.0747,"KLAWOCK AP"
"764","USW00025501","57.7508",-152.4881,"KODIAK AP"
"765","USW00025506","59.7492",-154.9089,"ILIAMNA AP"
"766","USW00025507","59.6419",-151.4911,"HOMER AP"
"767","USW00025516","59.4458",-151.7067,"SELDOVIA AP"
"768","USW00025519","58.1853",-157.3856,"EGEGIK AP"
"769","USW00025624","55.2206",-162.7322,"COLD BAY AP"
"770","USW00025628","56.5747",-169.6628,"ST GEORGE IS AP"
"771","USW00025704","51.8833",-176.65,"ADAK AP"
"772","USW00025713","57.1550",-170.2228,"SAINT PAUL IS AP"
"773","USW00026410","60.4861",-145.4444,"CORDOVA AP"
"774","USW00026411","64.8031",-147.8761,"FAIRBANKS INTL AP"
"775","USW00026412","62.9614",-141.9383,"NORTHWAY AP"
"776","USW00026414","63.3333",-149.1333,"SUMMIT WSO AP"
"777","USW00026415","63.9931",-145.7214,"BIG DELTA AP"
"778","USW00026422","64.7761",-141.1636,"EAGLE AP"
"779","USW00026425","62.1592",-145.4589,"GULKANA AP"
"780","USW00026435","64.5472",-149.0872,"NENANA MUNI AP"
"781","USW00026438","60.1292",-149.4186,"SEWARD AP"
"782","USW00026439","61.8000",-147.6833,"SHEEP MTN CAA AP"
"783","USW00026445","60.0833",-142.5,"YAKATAGA AP"
"784","USW00026451","61.1692",-150.0278,"ANCHORAGE TED STEVENS INTL AP"
"785","USW00026501","64.7367",-156.9344,"GALENA AP"
"786","USW00026502","64.3208",-158.7325,"KALTAG AP"
"787","USW00026509","64.7167",-156.9,"GALENA AP"
"788","USW00026510","62.9575",-155.61,"MCGRATH AP"
"789","USW00026516","61.5833",-159.5333,"ANIAK AP"
"790","USW00026519","62.5167",-153.8833,"FAREWELL FAA AP"
"791","USW00026523","60.5792",-151.2414,"KENAI AP"
"792","USW00026528","62.3197",-150.0975,"TALKEETNA AP"
"793","USW00026529","65.1730",-152.1067,"TANANA AP"
"794","USW00026533","66.9178",-151.5189,"BETTLES AP"
"795","USW00026615","60.7850",-161.8294,"BETHEL AP"
"796","USW00026616","66.8856",-162.6067,"KOTZEBUE AP"
"797","USW00026617","64.5111",-165.44,"NOME AP"
"798","USW00026620","64.7000",-162.05,"MOSES POINT FAA AP"
"799","USW00026628","64.5506",-163.0072,"GOLOVIN AP"
"800","USW00026635","62.0953",-163.6819,"MTN VILLAGE AP"
"801","USW00026642","67.7306",-164.5478,"KIVALINA AP"
"802","USW00026643","66.0694",-162.7614,"DEERING AP"
"803","USW00026644","62.6500",-160.1833,"ANVIK AP"
"804","USW00026653","60.5414",-165.0872,"TOKSOOK BAY AP"
"805","USW00027401","70.1333",-143.6333,"BARTER ISLAND WSO AP"
"806","USW00027502","71.2869",-156.7394,"BARROW AP"
"807","USW00027503","70.6367",-160.0131,"WAINWRIGHT AP"
"808","USW00027515","70.2125",-150.9944,"NUIQSUT AP"
"809","USW00053119","36.3114",-119.6231,"HANFORD MUNI AP"
"810","USW00053120","33.0381",-116.9161,"RAMONA AP"
"811","USW00053121","33.2194",-117.3497,"OCEANSIDE MUNI AP"
"812","USW00053123","36.2119",-115.1939,"LAS VEGAS AIR TERMINAL"
"813","USW00053127","35.9761",-115.1325,"LAS VEGAS HENDERSON AP"
"814","USW00053175","33.8978",-117.6025,"CORONA MUNICIPAL AP"
"815","USW00053802","39.4744",-88.2722,"MATTOON CHARLESTON COLES CO AP"
"816","USW00053803","37.7500",-87.1667,"OWENSBORO DAVIESS CO RGNL AP"
"817","USW00053808","31.4667",-89.3333,"LAUREL HATTIESBURG RGNL AP"
"818","USW00053838","34.2722",-83.8306,"GAINESVILLE LEE GILMER MEM AP"
"819","USW00053841","38.1847",-84.9039,"FRANKFORT CAPITAL CITY AP"
"820","USW00053842","39.8247",-86.2958,"INDIANAPOLIS EAGLE CREEK AP"
"821","USW00053843","31.3061",-86.3903,"ANDALUSIA OPP AP"
"822","USW00053844","39.7572",-82.6633,"LANCASTER FAIRFIELD CO AP"
"823","USW00053850","34.6722",-82.8814,"CLEMSON OCONEE CO AP"
"824","USW00053853","30.3933",-86.4675,"DESTIN FT WALTON BEACH AP"
"825","USW00053854","33.4639",-80.8533,"ORANGEBURG MUNI AP"
"826","USW00053855","39.3611",-84.5206,"HAMILTON BUTLER CO RGNL AP"
"827","USW00053858","30.4631",-88.5317,"PASCAGOULA LOTT INTL AP"
"828","USW00053859","39.5917",-84.2264,"DAYTON WRIGHT BROTHERS AP"
"829","USW00053860","30.3369",-81.5128,"JACKSONVILLE CRAIG MUNI AP"
"830","USW00053862","30.0719",-83.5736,"PERRY FOLEY AP"
"831","USW00053863","33.8783",-84.2981,"ATLANTA DEKALB PEACHTREE AP"
"832","USW00053864","33.1783",-86.7817,"ALABASTER SHELBY CO AP ASOS"
"833","USW00053865","30.3436",-89.8225,"SLIDELL AP"
"834","USW00053866","39.5856",-85.7997,"SHELBYVILLE MUNI AP"
"835","USW00053867","33.9719",-80.9939,"COLUMBIA OWENS DWTN AP"
"836","USW00053869","35.9378",-89.8331,"BLYTHEVILLE MUNI AP"
"837","USW00053870","35.1967",-81.1556,"GASTONIA MUNI AP"
"838","USW00053871","34.9836",-81.0561,"ROCK HILL YORK CO AP"
"839","USW00053872","35.0147",-80.6242,"MONROE AP"
"840","USW00053873","34.1158",-84.8508,"CARTERSVILLE AP"
"841","USW00053874","34.2539",-82.1528,"GREENWOOD CO AP"
"842","USW00053879","38.9578",-94.3711,"LEES SUMMIT MUNI AP"
"843","USW00053901","36.8792",-91.9053,"W PLAINS MUNI AP"
"844","USW00053902","30.3611",-95.4175,"CONROE MONTGOMERY CO AP"
"845","USW00053903","30.7444",-95.5867,"HUNTSVILLE MUNI AP"
"846","USW00053904","38.9306",-90.4328,"ST CHARLES CO AP"
"847","USW00053905","32.5397",-93.7461,"SHREVEPORT DWTN AP"
"848","USW00053907","32.6583",-97.095,"ARLINGTON MUNI AP"
"849","USW00053908","36.0425",-95.9903,"TULSA RICHARD L JONES JR AP"
"850","USW00053909","32.9944",-97.3203,"FT WORTH ALLIANCE AP"
"851","USW00053910","30.0681",-95.5564,"HOUSTON HOOKS MEM AP"
"852","USW00053911","32.7131",-96.2689,"TERRELL MUNI AP"
"853","USW00053913","35.8517",-97.4142,"GUTHRIE MUNI AP"
"854","USW00053914","33.1828",-96.59,"MCKINNEY MUNI AP"
"855","USW00053915","30.0292",-91.8844,"NEW IBERIA AP - ACADIANA RGNL"
"856","USW00053917","30.0494",-90.0289,"NEW ORLEANS LAKEFRONT AP"
"857","USW00053918","36.3706",-92.4719,"MTN HOME BAXTER CO RGNL AP"
"858","USW00053919","33.6361",-91.7556,"MONTICELLO MUNI AP"
"859","USW00053920","35.2572",-93.095,"RUSSELLVILLE MUNI AP"
"860","USW00053925","34.0481",-94.4017,"DE QUEEN SEVIER CO AP"
"861","USW00053928","30.2189",-96.3742,"BRENHAM MUNI AP"
"862","USW00053931","38.0964",-92.5531,"KAISER AP"
"863","USW00053934","35.7261",-91.6472,"BATESVILLE RGNL AP"
"864","USW00053942","30.6792",-97.6794,"GEORGETOWN MUNI AP"
"865","USW00053948","31.5778",-94.7094,"NACOGDOCHES MANGHAM AP"
"866","USW00053952","31.4847",-97.3164,"WACO MCGREGOR EXEC AP"
"867","USW00053955","36.1906",-94.4908,"SILOAM SPRINGS AP"
"868","USW00053959","35.1400",-90.2358,"W MEMPHIS MUNI AP"
"869","USW00053964","33.2544",-97.5806,"DECATUR MUNI AP"
"870","USW00053965","33.1100",-98.5553,"GRAHAM MUNI AP"
"871","USW00053966","32.4561",-96.9125,"MID WAY RGNL AP"
"872","USW00053967","33.7142",-96.6736,"GRAYSON CO AP"
"873","USW00053970","32.7469",-96.5306,"MESQUITE METRO AP"
"874","USW00053972","32.0836",-97.0972,"HILLSBORO MUNI AP"
"875","USW00053973","30.8719",-96.6222,"HEARNE MUNI AP"
"876","USW00053975","32.5792",-96.7192,"LANCASTER AP"
"877","USW00053976","33.1753",-97.8283,"BRIDGEPORT MUNI AP"
"878","USW00053977","32.4444",-97.8169,"GRANBURY MUNI AP"
"879","USW00053979","30.1692",-96.98,"GIDDINGS LEE CO AP"
"880","USW00053981","32.3539",-97.4339,"CLEBURNE MUNI AP"
"881","USW00053983","30.7836",-98.6619,"LLANO MUNI AP"
"882","USW00053984","32.6986",-97.0467,"GRAND PRAIRIE MUNI AP"
"883","USW00053985","35.2119",-91.7369,"SEARCY MUNI AP"
"884","USW00053996","34.5453",-94.2025,"MENA INTERMOUNTAIN AP"
"885","USW00053997","31.9167",-98.6003,"COMANCHE CO CITY AP"
"886","USW00054704","42.1911",-71.1733,"NORWOOD MEM AP"
"887","USW00054728","44.3658",-71.5522,"WHITEFIELD MT WASHINGTON RGNL"
"888","USW00054733","42.5842",-70.9153,"BEVERLY MUNI AP"
"889","USW00054734","41.3722",-73.4833,"DANBURY MUNI AP"
"890","USW00054737","40.1206",-76.2944,"LANCASTER AP"
"891","USW00054740","43.3422",-72.5214,"SPRINGFIELD HARTNESS STATE AP"
"892","USW00054743","40.8764",-74.2828,"CALDWELL ESSEX CO AP"
"893","USW00054756","42.5700",-72.2869,"ORANGE MUNI AP"
"894","USW00054757","42.1078",-77.9842,"WELLSVILLE MUNI AP"
"895","USW00054767","41.7425",-72.1825,"WILLIMANTIC WINDHAM AP"
"896","USW00054768","42.6972",-73.1697,"N ADAMS HARRIMAN AP"
"897","USW00054769","41.9086",-70.7278,"PLYMOUTH MUNI AP"
"898","USW00054770","42.8067",-72.0014,"JAFFREY MUNI AP SILVER RCH"
"899","USW00054771","44.5328",-72.6153,"MORRISVILLE STOWE STATE AP"
"900","USW00054772","43.9900",-70.95,"FRYEBURG ESTRN SLOPES RGNL AP"
"901","USW00054773","43.3503",-76.3831,"FULTON OSWEGO CO AP"
"902","USW00054777","41.8756",-71.0208,"TAUNTON MUNI AP"
"903","USW00054778","42.6442",-77.0528,"PENN YAN AP"
"904","USW00054779","41.0092",-74.7364,"AEROFLEX-ANDOVER AP"
"905","USW00054780","41.0731",-71.9236,"MONTAUK AP"
"906","USW00054781","42.8936",-73.2489,"BENNINGTON MORSE STATE AP"
"907","USW00054782","40.2381",-75.5547,"HERITAGE FLD AP"
"908","USW00054785","40.6242",-74.6689,"SOMERSET AP"
"909","USW00054786","40.3303",-75.1228,"DOYLESTOWN AP"
"910","USW00054787","40.7344",-73.4164,"FARMINGDALE REPUBLIC AP"
"911","USW00054788","41.5097",-72.8278,"MERIDEN MARKHAM MUNI AP"
"912","USW00054790","40.8211",-72.8675,"SHIRLEY BROOKHAVEN AP"
"913","USW00054791","43.2794",-70.9242,"ROCHESTER SKYHAVEN AP"
"914","USW00054792","41.0464",-78.4111,"CLEARFIELD LAWRENCE AP"
"915","USW00054793","41.1992",-74.6258,"SUSSEX AP"
"916","USW00054831","40.4833",-88.95,"BLOOMINGTON NORMAL AP"
"917","USW00054911","45.1008",-90.3033,"TAYLOR CO AP"
"918","USW00063803","33.9797",-83.9633,"LAWRENCEVILLE AP"
"919","USW00063813","34.0131",-84.5986,"MARIETTA COBB CO AP"
"920","USW00063870","31.0447",-86.312,"FLORALA MUNI AP"
"921","USW00063871","30.8431",-85.6044,"BONIFAY TRI CO AP"
"922","USW00063872","31.9517",-85.1311,"EUFAULA WEEDON FLD AP"
"923","USW00063874","31.8467",-86.6142,"GREENVILLE MAC CRENSHAW MEM AP"
"924","USW00063888","39.8403",-83.84,"SPRINGFIELD BECKLEY AP"
"925","USW00063904","30.5725",-97.4431,"TAYLOR MUNI AP"
"926","USW00064705","40.7769",-79.9497,"BUTLER CO AP"
"927","USW00064709","43.3936",-70.7078,"SANFORD RGNL AP"
"928","USW00064710","41.9206",-71.4911,"NORTH CENTRAL STATE AP"
"929","USW00064776","44.6392",-73.4631,"PLATTSBURGH INTL AP"
"930","USW00073805","30.3486",-85.7883,"NW FLORIDA BEACHES INTL AP"
"931","USW00092802","28.1878",-82.6258,"TAMPA BAY EXEC AP"
"932","USW00092809","25.9994",-80.2411,"HOLLYWOOD N PERRY AP"
"933","USW00092814","29.9592",-81.3397,"ST AUGUSTINE AP"
"934","USW00093005","37.1431",-107.7603,"DURANGO LA PLATA CO AP"
"935","USW00093009","39.2281",-106.3164,"LEADVILLE LAKE CO AP"
"936","USW00093013","38.5053",-107.8981,"MONTROSE RGNL AP"
"937","USW00093026","31.4583",-109.6067,"DOUGLAS (BISBEE) INTL AP"
"938","USW00093027","34.5183",-109.38,"ST JOHNS IND AIR PK"
"939","USW00093033","32.3336",-104.2583,"CAVERN CITY AP"
"940","USW00093037","38.8094",-104.6886,"COLORADO SPRINGS MUNI AP"
"941","USW00093041","32.2833",-106.9167,"LAS CRUCES MUNI AP"
"942","USW00093042","36.0253",-102.5489,"DALHART FAA AP"
"943","USW00093045","33.2369",-107.2686,"TRUTH OR CONSEQUENCES MUNI AP"
"944","USW00093057","35.1653",-107.9022,"GRANTS MILAN MUNI AP"
"945","USW00093058","38.2886",-104.5058,"PUEBLO MEM AP"
"946","USW00093063","32.6333",-108.1667,"SILVER CITY CO AP"
"947","USW00093067","39.5600",-104.8483,"DENVER CENTENNIAL AP"
"948","USW00093069","37.3069",-108.6264,"CORTEZ MONTEZUMA CO AP"
"949","USW00093073","39.2300",-106.8706,"ASPEN PITKIN CO AP SARDY FLD"
"950","USW00093075","38.7500",-109.7628,"MOAB CANYONLAND AP"
"951","USW00093084","32.8567",-109.6361,"SAFFORD MUNI AP"
"952","USW00093097","32.8397",-105.9906,"ALAMOGORDO RGNL AP"
"953","USW00093110","34.2000",-119.2042,"OXNARD VENTURA CO AP"
"954","USW00093123","39.4167",-118.7167,"FALLON CAA AP"
"955","USW00093129","37.7067",-113.0969,"CEDAR CITY AP"
"956","USW00093141","39.6089",-110.7556,"PRICE CARBON CO AP"
"957","USW00093167","35.2575",-113.9342,"KINGMAN AP"
"958","USW00093184","33.6797",-117.8675,"SANTA ANA JOHN WAYNE AP"
"959","USW00093193","36.7800",-119.7203,"FRESNO YOSEMITE INTL"
"960","USW00093197","34.0211",-118.4472,"SANTA MONICA MUNI AP"
"961","USW00093198","37.0500",-113.5167,"ST GEORGE CAA AP"
"962","USW00093205","39.1019",-121.5689,"MARYSVILLE AP (ASOS)"
"963","USW00093209","35.6694",-120.6292,"PASO ROBLES MUNI AP"
"964","USW00093210","39.4942",-121.6222,"OROVILLE MUNI AP"
"965","USW00093225","38.7006",-121.5947,"SACRAMENTO METRO AP"
"966","USW00093227","38.2075",-122.2803,"NAPA CO AP"
"967","USW00093228","37.6589",-122.1211,"HAYWARD AIR TERMINAL"
"968","USW00093230","38.8983",-119.9961,"S LAKE TAHOE AP"
"969","USW00093241","38.3775",-121.9586,"VACAVILLE/NUT TREE AP ASOS"
"970","USW00093242","36.9850",-120.1106,"MADERA MUNI AP"
"971","USW00093706","39.7061",-77.7303,"HAGERSTOWN RGNL AP"
"972","USW00093720","38.3408",-75.5133,"SALISBURY-WICOMICO RGNL AP"
"973","USW00093721","39.1733",-76.6842,"BALTIMORE-WASHINGTON INTL AP"
"974","USW00093730","39.4519",-74.5669,"ATLANTIC CITY INTL AP"
"975","USW00093736","38.1375",-78.455,"CHARLOTTESVILLE ALBEMARLE AP"
"976","USW00093738","38.9347",-77.4472,"WASHINGTON DULLES INTL AP"
"977","USW00093740","34.9894",-78.88,"FAYETTEVILLE RGNL AP GRANNIS F"
"978","USW00093741","37.1322",-76.4939,"NEWPORT NEWS INTL AP"
"979","USW00093759","35.8503",-77.895,"ROCKY MT WILSON AP"
"980","USW00093775","37.7092",-77.4347,"ASHLAND HANOVER CO MUNI AP"
"981","USW00093778","39.9194",-76.8769,"YORK AP"
"982","USW00093780","39.9408",-74.8408,"S JERSEY RGNL AP"
"983","USW00093781","36.4394",-77.7097,"ROANOKE RAPIDS HALIFAX CO AP"
"984","USW00093782","34.7914",-79.3683,"LAURINBURG MAXTON AP"
"985","USW00093783","36.0475",-79.4739,"BURLINGTON ALAMANCE RGNL AP"
"986","USW00093785","35.9333",-79.0642,"CHAPEL HILL WILLIAMS AP"
"987","USW00093786","38.3092",-75.1233,"OCEAN CITY MUNI AP"
"988","USW00093801","34.3483",-85.1617,"ROME R B RUSSELL AP"
"989","USW00093803","35.9667",-85.7833,"SMITHVILLE CAA AP"
"990","USW00093804","34.9167",-81.95,"SPARTANBURG WB AP"
"991","USW00093806","33.2122",-87.6156,"TUSCALOOSA AP ASOS"
"992","USW00093807","36.1333",-80.2244,"WINSTON SALEM REYNOLDS AP"
"993","USW00093808","36.9647",-86.4239,"BOWLING GREEN WARREN CO AP"
"994","USW00093810","37.7833",-89.2453,"CARBONDALE STHRN ILLINOIS AP"
"995","USW00093812","39.1061",-84.4161,"CINCINNATI MUNI AP LUNKEN FLD"
"996","USW00093815","39.9064",-84.2186,"DAYTON INTL AP"
"997","USW00093817","38.0503",-87.5147,"EVANSVILLE RGNL AP"
"998","USW00093820","38.0339",-84.6114,"LEXINGTON BLUEGRASS AP"
"999","USW00093821","38.1775",-85.7308,"LOUISVILLE INTL AP"
"1000","USW00093823","39.4500",-87.3,"TERRE HAUTE CAA AP"
"1001","USW00093824","39.9461",-81.8931,"ZANESVILLE MUNI AP"
"1002","USW00093836","31.2500",-81.4667,"BRUNSWICK GLYNN CO AP"
"1003","USW00093842","32.5164",-84.9422,"COLUMBUS METRO AP"
"1004","USW00093843","31.2333",-85.4333,"DOTHAN FAA AP"
"1005","USW00093845","30.7764",-83.2739,"VALDOSTA RGNL AP"
"1006","USW00093846","34.4981",-82.7092,"ANDERSON FAA AP"
"1007","USW00093862","34.2622",-88.7714,"TUPELO RGNL AP"
"1008","USW00093874","30.4122",-89.0808,"GULFPORT - BILOXI AP"
"1009","USW00093909","38.8222",-94.8903,"OLATHE JOHNSON CO IND AP"
"1010","USW00093915","31.3347",-92.5586,"ALEXANDRIA INTL AP"
"1011","USW00093919","31.1822",-90.4719,"MCCOMB AP"
"1012","USW00093929","33.6514",-97.1969,"GAINESVILLE MUNI AP"
"1013","USW00093937","33.1667",-95.6167,"SULPHUR SPRINGS MUNI AP"
"1014","USW00093947","30.2433",-98.9097,"FREDERICKSBURG GILLESPIE CO AP"
"1015","USW00093950","34.8825",-95.7817,"MCALESTER RGNL AP"
"1016","USW00093967","37.0911",-95.5725,"COFFEYVILLE MUNI AP"
"1017","USW00093983","31.7797",-95.7064,"PALESTINE MUNI AP"
"1018","USW00093985","32.7817",-98.0603,"MINERAL WELLS AP"
"1019","USW00093986","34.9892",-99.0528,"HOBART MUNI AP"
"1020","USW00093987","31.2358",-94.7547,"LUFKIN ANGELINA CO AP"
"1021","USW00093989","39.9372",-91.1967,"QUINCY RGNL AP"
"1022","USW00093990","39.3742",-99.83,"HILL CITY MUNI AP"
"1023","USW00093991","36.1253",-90.9244,"WALNUT RIDGE MUNI AP"
"1024","USW00093996","37.7667",-90.4,"FARMINGTON FAA AP"
"1025","USW00093997","38.8725",-98.8092,"RUSSELL MUNI AP"
"1026","USW00093999","32.2333",-90.9333,"VICKSBURG CAA AP 2"
"1027","USW00094012","48.5425",-109.7644,"HAVRE AP ASOS"
"1028","USW00094017","48.0942",-105.5783,"WOLF PT INTL AP"
"1029","USW00094023","44.3397",-105.5417,"GILLETTE CAMPBELL CO AP"
"1030","USW00094025","40.4811",-107.2175,"HAYDEN YAMPA VALLEY AP"
"1031","USW00094028","47.7167",-104.1833,"SIDNEY RICHLAND MUNI AP"
"1032","USW00094030","40.4431",-109.5128,"VERNAL MUNI AP"
"1033","USW00094032","43.7331",-103.615,"CUSTER CO AP"
"1034","USW00094035","40.4500",-105.0167,"FT COLLINS LOVELAND AP"
"1035","USW00094038","46.0108",-102.6517,"HETTINGER MUNI AP"
"1036","USW00094039","43.0261",-102.52,"PINE RIDGE AP"
"1037","USW00094040","40.2039",-100.5903,"MCCOOK MUNI AP"
"1038","USW00094050","40.0444",-107.8883,"MEEKER AP"
"1039","USW00094051","47.3258",-106.9486,"JORDAN AP"
"1040","USW00094052","45.5494",-100.4086,"MOBRIDGE MUNI AP"
"1041","USW00094053","42.0614",-104.1583,"TORRINGTON MUNI AP"
"1042","USW00094054","44.3811",-106.7194,"BUFFALO JOHNSON CO AP"
"1043","USW00094055","46.3519",-104.2614,"BAKER MUNI AP"
"1044","USW00094056","45.0325",-102.02,"FAITH MUNI AP"
"1045","USW00094057","42.7961",-105.3806,"CONVERSE CO AP ASOS"
"1046","USW00094107","42.5903",-117.8644,"ROME STATE AP"
"1047","USW00094119","47.9742",-117.4292,"DEER PARK AP"
"1048","USW00094128","41.7864",-111.8519,"LOGAN CACHE AP"
"1049","USW00094129","46.7439",-117.1158,"PULLMAN MOSCOW RGNL AP"
"1050","USW00094178","42.4786",-114.4775,"TWIN FALLS SUN VALLEY RGNL AP"
"1051","USW00094182","44.8942",-116.0997,"MCCALL AP"
"1052","USW00094185","43.5947",-118.9578,"BURNS MUNI AP"
"1053","USW00094194","43.8322",-111.8075,"REXBURG MADISON CO AP"
"1054","USW00094224","46.1569",-123.8833,"ASTORIA AP (PORT OF)"
"1055","USW00094225","46.9728",-123.9308,"HOQUIAM BOWERMAN AP"
"1056","USW00094227","47.2383",-123.1414,"SHELTON AP"
"1057","USW00094236","42.1469",-121.7256,"KLAMATH FALLS INTL AP"
"1058","USW00094239","47.3975",-120.2011,"WENATCHEE PANGBORN MEM AP"
"1059","USW00094240","47.9369",-124.5575,"QUILLAYUTE AP"
"1060","USW00094248","47.4950",-122.2144,"RENTON MUNI AP"
"1061","USW00094261","45.5475",-122.9558,"PORTLAND-HILLSBORO AP"
"1062","USW00094266","48.1219",-123.5067,"PORT ANGELES FAIRCHILD INTL AP"
"1063","USW00094273","45.1958",-123.1339,"MCMINNVILLE MUNI AP"
"1064","USW00094274","47.2675",-122.5761,"TACOMA NARROWS AP"
"1065","USW00094276","48.5200",-123.0264,"FRIDAY HARBOR AP"
"1066","USW00094281","45.2467",-122.7708,"AURORA STATE AP"
"1067","USW00094285","42.1667",-120.4,"LAKEVIEW LAKE CO AP"
"1068","USW00094298","45.6211",-122.6542,"VANCOUVER PEARSON AP"
"1069","USW00094299","41.4836",-120.5614,"ALTURAS MUNI AP"
"1070","USW00094623","43.9639",-69.7114,"WISCASSET AP"
"1071","USW00094624","41.6878",-69.993,"CHATHAM MUNI AP"
"1072","USW00094700","44.5761",-71.1783,"BERLIN MUNI AP"
"1073","USW00094702","41.1642",-73.1267,"IGOR I SIKORSKY MEM AP"
"1074","USW00094704","42.5697",-77.7142,"DANSVILLE MUNI AP"
"1075","USW00094705","44.2050",-72.5656,"MONTPELIER AP"
"1076","USW00094720","41.6719",-70.2697,"HYANNIS BARNSTABLE MUNI AP"
"1077","USW00094723","42.7125",-71.1256,"LAWRENCE MUNI AP"
"1078","USW00094725","44.9333",-74.8483,"MASSENA INTL AP"
"1079","USW00094726","41.6792",-70.9592,"NEW BEDFORD MUNI AP"
"1080","USW00094732","40.0789",-75.0133,"NE PHILA AP"
"1081","USW00094733","44.6872",-73.5231,"PLATTSBURGH CLINTON CO AP"
"1082","USW00094737","43.5333",-72.95,"RUTLAND STATE AP"
"1083","USW00094740","44.3928",-74.2028,"SARANAC LK ADIRONDACK RGNL AP"
"1084","USW00094741","40.8589",-74.0561,"TETERBORO AP"
"1085","USW00094745","41.0622",-73.7044,"WESTCHESTER CO AP"
"1086","USW00094765","43.6269",-72.3053,"LEBANON MUNI AP"
"1087","USW00094789","40.6392",-73.7639,"JFK INTL AP"
"1088","USW00094790","43.9886",-76.0261,"WATERTOWN AP"
"1089","USW00094793","41.1667",-71.5833,"BLOCK ISLAND STATE AP"
"1090","USW00094794","43.1450",-75.3839,"UTICA ONEIDA CO AP"
"1091","USW00094814","44.3592",-84.6739,"HOUGHTON LAKE ROSCOMMON CO AP"
"1092","USW00094815","42.2283",-85.5461,"KALAMAZOO BATTLE CREEK INTL AP"
"1093","USW00094817","42.6631",-83.4103,"PONTIAC OAKLAND CO INTL AP"
"1094","USW00094818","42.7586",-87.8178,"RACINE BATTEN AP"
"1095","USW00094822","42.1933",-89.0933,"ROCKFORD GTR ROCKFORD AP"
"1096","USW00094830","41.5869",-83.8053,"TOLEDO EXPRESS AP"
"1097","USW00094846","41.9603",-87.9317,"CHICAGO OHARE INTL AP"
"1098","USW00094847","42.2311",-83.3311,"DETROIT METRO AP"
"1099","USW00094849","45.0717",-83.5644,"ALPENA CO RGNL AP"
"1100","USW00094853","45.7333",-87.0833,"ESCANABA DELTA CO AP"
"1101","USW00094855","43.9872",-88.5564,"OSHKOSH WITTMAN RGNL AP"
"1102","USW00094870","40.0325",-88.2756,"CHAMPAIGN URBANA WILLARD AP"
"1103","USW00094889","42.2239",-83.7397,"ANN ARBOR MUNI AP"
"1104","USW00094892","41.8964",-88.2511,"CHICAGO W CHICAGO DUPAGE AP"
"1105","USW00094893","45.8133",-88.1131,"IRON MTN FORD AP"
"1106","USW00094895","40.2344",-85.3936,"MUNCIE DELAWARE CO AP"
"1107","USW00094908","42.3983",-90.7092,"DUBUQUE RGNL AP"
"1108","USW00094910","42.5544",-92.4014,"WATERLOO MUNI AP"
"1109","USW00094929","46.5467",-90.9183,"ASHLAND KENNEDY MEM AP"
"1110","USW00094931","47.3803",-92.8325,"HIBBING CHISHOLM HIBBING AP"
"1111","USW00094938","46.4019",-94.1272,"BRAINERD CROW WING CO AP"
"1112","USW00094943","43.7667",-99.3183,"CHAMBERLAIN MUNI AP"
"1113","USW00094946","41.4367",-99.6386,"BROKEN BOW MUNI AP"
"1114","USW00094948","43.6500",-94.4167,"FAIRMONT MUNI AP"
"1115","USW00094949","40.6003",-98.4264,"HASTINGS MUNI AP"
"1116","USW00094950","43.7742",-98.0383,"MITCHELL AP"
"1117","USW00094960","45.0622",-93.3511,"MINNEAPOLIS CRYSTAL AP"
"1118","USW00094961","48.7261",-94.6122,"BAUDETTE INTL AP"
"1119","USW00094963","44.8322",-93.4706,"MINNEAPOLIS FLYING CLOUD AP"
"1120","USW00094967","46.8997",-95.0669,"PARK RAPIDS MUNI AP"
"1121","USW00094971","43.4008",-94.7478,"ESTHERVILLE MUNI AP"
"1122","USW00094973","46.0303",-91.4425,"HAYWARD MUNI AP"
"1123","USW00094978","41.7631",-96.1797,"TEKAMAH MUNI AP"
"1124","USW00094985","44.6378",-90.1875,"MARSHFIELD MUNI AP"
"1125","USW00094988","42.1106",-92.9164,"MARSHALLTOWN MUNI AP"
"1126","USW00094989","41.9906",-93.6186,"AMES MUNI AP"
"1127","USW00094991","40.6306",-93.9006,"LAMONI MUNI AP"
"1128","USW00094993","45.6689",-96.9919,"SISSETON MUNI AP"
"1129","USW00094994","43.1561",-90.6775,"BOSCOBEL AP"
